Company Name,Location,Note,Notice Date,Layoff Date,Employees Affected,Industry
Macy's,"640 W Prien Lake Road Lake Charles, LA 70601",,12/31/2007,3/18/2008,66,Department Store
"WinCup Holdings, Inc.","7501 East Trammel Drive Shreveport, LA 71108",,12/17/2007,2/12/2008,62,Polystyrene Foam Product Manufacturing
Ideal Merchandising,"441 Apollo Beach Blvd Apollo beach, FL 33572",,12/13/2007,1/30/2008,751,Durable Goods Merchant Wholesaler
"FloorServe, Inc.","309 North Hamilton Street Dalton, GA 30720",,12/11/2007,1/31/2008,159,All Other Support Services
"Pinnacle Business Solutions, Inc.","7501 East Trammel Drive Shreveport, LA 71108",,12/3/2007,2/29/2008,23,Direct Health and Medical Insurance Carriers
Georgia Pacific Corporation,"Highway 5 North Logansport, LA 71059",,10/30/2007,10/30/2007,294,Paper Mills
Valentine Paper,"139 Joe Brown Lockport, LA 70374",,10/29/2007,12/28/2007,83,Paper Mills
United States Gypsum,"Company 5701 Lewis Road New Orleans, LA 70126",,10/23/2007,12/31/2007,45,Gypsum Product Manufacturing
AT & T,"3300 Esplanade Avenue Metairie, LA 70002",,10/17/2007,12/29/2007,55,Wired Telecommunications Carrier
East Jordan Iron Works,"301 Spring Street East Jordan, MI 49727",,8/25/2007,12/28/2007,50,Iron Foundries
Aegis Mortgage Corporation,"3250 Briarpark, Suite 400 Houston, TX 77042",,8/7/2007,10/31/2007,45,Sales Financing
Wells Fargo Home Mortgage,"4041 Essen Lane Baton Rouge, LA 70809",,7/26/2007,9/25/2007,59,Real Estate Credit
Capital One Mortgage,"11130 Industriplex Boulevard Baton Rouge, LA 70809",,7/9/2007,9/14/2007,118,Sales Financing
Albertson's LLC,"2801 Sterlington Road Monroe, LA 71203",,6/28/2007,8/5/2007,100,Supermarket and other Grocery Stores
Abita Springs Water Company,"101 Airline Highway Metairie, LA 70001",,6/14/2007,8/29/2007,155,Bottled Water Manufacturing
Capital One-Indirect Collections,"116 N. Range Avenue Denham Springs, LA 70726",,6/12/2007,8/15/2007,65,Sales Financing
"Tembec USA, LLC","2105 HWY 964 St. Francisville, LA 70775",,6/1/2007,7/31/2007,539,Paper Mills
Lockheed Martin Government Services Inc.,"13800 Old Gentilly Road New Orleans, LA 70130",,5/25/2007,7/31/2007,28,Data Processing and Related Services
McKesson Specialty Pharmacy,"5712 Jarvis Street Harahan, LA 70123",,3/30/2007,3/30/2007,10,Pharmacy Products Distribution
Murphy Exploration & Production Company,"131 South Robertson St. New Orleans, LA 70112",,3/14/2007,6/1/2007,120,Crude Oil Exploration and Petroleum Production
Marsulex Refinery Environmental Services,"3545 Scenic Highway Baton Rouge, LA 70805",,2/7/2007,3/31/2007,78,Refinery Environmental Services
Martco Limited Partnership,"116 Roy Baker Road LeMoyen, LA 71356",,1/30/2007,1/30/2007,195,Manufacturing of Reconstituted Wood Products
McKesson Specialty Pharmacy,"5712 Jarvis Street Harahan, LA 70123",,1/25/2007,3/29/2007,88,Pharmacy Products Distribution
Bellsouth Telecommunications,"1719 West Thomas St, Hammond, LA 70401",,1/18/2007,3/10/2007,65,Call Center
Morton International,"Hwy 83 S. Weeks Island New Iberia, LA 70560",,1/12/07,4/06/07,55,Salt Mining
Sewell Cadillac Incorporated,"701 Baronne Street New Orleans, LA 70113",,1/8/2007,3/6/2007,98,Automotive Dealership
International Shipholding,"650 Poydras Street New Orleans, LA 70113",,1/3/2007,3/31/2007,28,"Sea, Coastal, and Great Lakes Transportation"
Lockheed Martin Space Systems Company,"13800 Old Gentilly Road New Orleans, LA 70129",,8/1/08,10/3/08,200,Space Vehicle Propulsion Units and Parts Manufacturing
"Tango Transport, Inc.","6009 Financial Plaza Shreveport, LA 71129",,7/28/08,9/29/08,60,"General Freight Trucking, Long Distance"
Magna Decoma International,"7751 West 70th Street Shreveport, LA 71129",,7/30/08,9/29/08,62,Automobile Manufacturing
AI –Shreveport. LLC,"7699 West Bert Kouns Shreveport, LA 71129",,7/29/08,9/29/08,91,Automatic Environmental Control Manufacturing
General Motors,"7600 Gen Motors Blvd. Shreveport, LA 71129",,7/28/08,9/26/08,200,Motor Vehicle Manufacturing
American Airlines,"900 Airline Highway Kenner, LA 70062",,7/7/08,9/5/08,8,Scheduled Passenger Air Transportation
Quadel Housing Services,"8282 Goodwood Blvd Baton Rouge, LA 70806",,7/15/08,9/13/08,67,All Other Professional and Technical Services
ICF International,"8282 Goodwood Blvd Baton Rouge, LA 70806",,7/15/08,9/13/08,94,All Other Professional and Technical Services
"ABB, Inc.","1202 Highway 509 Mansfield, LA 71052",,7/1/08,8/31/08,204,Computer Systems Design Services
Blake International,"410 South Van Avenue Houma, LA 70363",,5/7/08,5/23/08,245,Drilling Oil and Gas Wells
CITGO Petroleum,"4401 Highway 108 Lake Charles, LA 77601",,8/12/08,8/12/08,192,Petroleum Refineries
The Home Depot,"5604/49 N. Service Rd. Opelousas, LA 70570",,6/3/08,8/5/08,80,Home Centers
IFCO Systems,"1500 Industrial Blvd. Hammond, LA 70401",,5/19/08,5/31/08,56,Wood Container and Pallet Manufacturing
Plastech,"9630 Interport Drive Shreveport, LA 71118",,5/7/08,6/30/08,168,Motor Vehicle Body Manufacturing
Skyline Corporation,"1650 Swan Lake Road Bossier City, LA 71111",,5/7/08,7/5/08,82,"Manufactured Home, Mobile Home, Manufacturing"
"Kenneth Gordon, USA","1209 Distributors Row Harahan, LA 70123",,4/9/08,6/8/08,83,"Men’s Shirt, Except Work Shirt, Manufacturing"
ICF International,"8282 Goodwood Blvd Baton Rouge, LA 70806",,4/1/08,5/31/08,200,All Other Professional and Technical Services
Georgia Pacific,"2600 S. Arkansas Street Springhill, LA 71075",,3/25/08,3/28/08,401,Software Veneer and Plywood Manufacturing
"Hood Industries, Inc.","306 Wilkinson Street Coushatta, LA 71019",,3/20/08,5/16/08,119,Sawmills
Capital One Bank,"1111 Tulane Avenue New Orleans, LA 70112",,3/19/08,5/19/08,160,Sales Financing
Raytheon Technical Services Company,"Ft. Polk U.S. Army Base Bldg 1560 – Alabama Ave Ft. Polk, LA 71459",,2/26/08,4/30/08,114,Engineering Services
Gerdau Ameristeel,"325 Hord Street Harahan, LA 70123",,2/1/08,3/31/08,67,Other Fabricated Wire Product Manufacturing
Morgan Research Co.,"4811 A. Bradford Drive Huntsville, LA 35805",,12/22/2009,1/20/2010,134,Engineering Services
Lockheed Martin Corp.,"13800 Gentilly Road New Orleans, LA 70129",,12/17/2009,2/26/2010,40,Space Vehicle Propulsion Units and Parts Manufacturing
"Dresser, Inc.","Hwy 3225@US 167N Alexandria, LA. 71309",,12/14/2009,01/15/2010,86,Industrial Valve Manufacturing
Steel Fabricators,"2101 Booth Street Monroe, LA 71211",,12/11/2009,12/18/2009,114,Fabricated Structural Metal Manufacturing
Verizon Wireless,"885 Bert Kouns Loop Shreveport, LA. 71106",,12/3/2009,4/3/2010,312,Wireless Telecommunications Carrier
LAFOP Fundraising Ctr,"1808 Kegleman Blvd. Alexandria, LA 71303",,11/24/2009,11/27/2009,38,Telemarketing Bureaus
Bollinger Marine Fabricators,"816 Bollinger Lane Amelia, LA 70340",,11/18/2009,1/19/2010,88,Shipbuilding and Repairing
Lockheed Martin,"13800 Gentilly Road New Orleans, LA 70129",,11/18/2009,1/29/2010,143,Space Vehicle Propulsion Units and Parts Manufacturing
Shaw,"7012 HWY 1 South Addis, LA 70710",,11/5/2009,1/4/2010,60,Industrial Building Construction
Allstate,"425 Ashley Ridge Blvd, Shreveport, LA 71106",,11/02/2009,12/31/2009,55,Insurance Agencies and Brokerages
"Chart Energy & Chemical, Inc.","3415 Earl B. Wilson Rd. New Iberia, LA. 70560",,10/30/2009,12/31/2009,6,Power Boiler and Heat Exchanger Manufacturing
International Paper,"300 Williams Lake Rd. Pineville, LA 71360",,10/22/2009,12/26/2009,230,Paper Mill
Steel Fabricators,"2101 Booth Street Monroe, LA 71211",,10/12/2009,10/16/2009,138,Fabricated Structural Metal Manufacturing
Blake International,"410 South Van Avenue Houma, LA 70361",,10/9/2009,10/7/2009,49,Drilling Oil and Gas Wells
Boise Cascade LLC,"225 Studeman Street Florien, LA 71429",,10/1/2009,11/30/2009,130,Softwood Veneer & Plywood Manufacturing
Crossmark Home Improvement Services,"5100 Legacy Drive Plano, TX 75024",,8/27/2009,10/31/2009,"1,021",Wholesale Trade Agents and Brokers
"Brown-Eagle, Inc.","4999 Scenic Hwy Baton Rouge, LA 70129",,8/4/2009,10/4/2009,84,Packaging and Labeling Services
Lockheed Martin Corp.,"13800 Gentilly Road New Orleans, LA 70129",,7/28/2009,10/2/2009,134,Space Vehicle Propulsion Units and Parts Manufacturing
"Trinity Marine Products, Inc.","150 Highway 21 Madisonville, LA 70447",,7/20/2009,9/19/2009,235,Ship Building & Repairing
"Chart Energy & Chemical, Inc.","3415 Earl B. Wilson Rd. New Iberia, LA. 70560",,7/10/2009,9/25/2009,109,Power Boiler and Heat Exchanger Manufacturing
United Retail Service,"1690 Roberts Blvd Ste. 112 Kennesaw, GA. 30144",,7/8/2009,9/8/2009,25,Home Centers
Offshore Specialty,"Fabricator, Inc. 115 Menard Road Houma, LA. 70361",,6/5/2009,8/7/2009,90,Ship Building & Repairs
"Equistar Chemicals, LP","4300 Hwy. 108 South Sulphur, LA. 70663",,5/26/2009,7/27/2009,2,Petrochemical Manufacturing
First Student,"975 Cobb Place Blvd. Ste. 218 Kennesaw, GA. 30144",,5/19/2009,6/30/2009,80,School & Employees Bus Transportation
"Trinity Marine Products, Inc.","7555 Choctaw Rd. Brusly, LA 70719",,5/18/2009,7/18/2009,190,Ship Building & Repairing
The Wackenhut Corp.,"Hwy 90 Hahnville, LA. 70068",,5/14/2009,6/1/2009,122,Security Guard and Patrol Services
UTLX Manufacturing,"6325 Hwy. 1 North Alexandria, LA. 71303",,5/8/2009,7/10/2009,159,Plant and System Operations
Saturn of Metairie,"3400 North Causeway Blvd, Metairie, LA",,5/8/2009,5/13/2009,14,New Car Dealers
Saturn of Slidell,"298 E. Howze Beach Rd. Slidell, LA. 70461",,5/8/2009,5/13/2009,17,New Car Dealers
Saturn of New Orleans,"3621 Lapalco Blvd. Harvey, LA. 70058",,5/8/2009,5/13/2009,10,New Car Dealers
Waste Management of St. Tammany,"2685 Hwy 190 West Slidell, LA. 70460",,5/1/2009,7/1/2009,55,Solid Waste Landfill
Lyondell Chemical Co.,"900 Interstate I-10 West Westlake, LA. 70669",,4/30/2009,6/29/2009,4,Urethane & Other Foam Product Manufacturing
Continental Structural Plastics,"26755 Hwy 31 Sarepta, LA. 71071",,4/29/2009,6/15/2009,108,Plastics Material and Resin Manufacturing
"Boise Paper Holdings, L.L.C.","4200 Hwy. 190 West DeRidder, LA 70634",,4/27/2009,8/9/2009,105,Softwood Veneer and Plywood Manufacturing
Shaw,"4150 South Shrewood Blvd. Ste. 210 Baton Rouge, LA. 70816",,4/27/2009,6/27/2009,202,Industrial Building Construction
Lockheed Martin,"13800 Old Gentilly Road New Orleans, LA. 70129",,4/26/2009,6/26/2009,66,Data Processing and Related Services
"National Service Co. of Iowa, Inc.","6645 Hwy 15 Farmerville, LA",,4/7/2009,6/31/09,83,Animal Slaughtering and Processing
Doctors’ Hospital,"3983 I-49 S. Service Rd. Opelousas, LA 70570",,3/31/2009,4/30/2009,126,Medical
UST,"11661 Investor Avenue Baton Rouge, LA 70809",,3/31/2009,6/05/2009,56,All Other Professional and Technical Services
ICF International,"8282 Goodwood Blvd. Baton Rouge, LA. 70806",,3/30/2009,5/29/2009,22,All Other Professional and Technical Services
Exide Technologies,"2400 Brooklawn Drive Baton Rouge, LA",,3/23/2009,4/17/2009,120,Primary Batter Manufacturer
Northrop Grumman,"2251 Lakeshore Drive New Orleans, LA. 70145",,3/20/2009,4/08/2009,66,Shipbuilding Industry
Weyerhaeuser,"706 Highway 167 North Dodson, LA. 7142",,3/11/2009,3/11/2009,136,Softwood Veneer and Plywood Manufacturing
Hunt Forest Products Inc.,"48177 Hwy 51 North Natalbany, LA 71273",,3/5/2009,5/10/2009,198,Plywood and Engineered Wood Product Manufacturing
Quadel Housing,"7850 Anselmo Lane Baton Rouge, LA 70810",,3/2/2009,5/1/2009,109,All Other Professional and Technical Services
ICF International,"8282 Goodwood Blvd. Baton Rouge, LA 70806",,3/2/2009,5/1/2009,202,All Other Professional and Technical Services
Pilgrim’s Pride,"6648 Hwy. 15 North Farmerville, LA.",,2/27/2009,4/28/2009,"1,294",Animal Slaughtering and Processing
Equistar,"4300 Hwy. 108 South Sulphur, LA. 70663",,2/26/2009,4/28/2009,4,Petrochemical Manufacturing
Pride Offshore Inc.,"5847 San Felipe Houston, TX 77057",,2/19/2009,3/1/2009,115,Drilling Oil and Gas Wells
Lockheed Martin,"13800 Old Gentilly Road New Orleans, LA. 70129",,2/2/2009,4/30/2009,160,Plant and Systems Operation
Louisiana Hardwood Products,"116 Roy Baker Road LeMoyen, LA 71356",,1/30/2009,1/30/2009,396,Wood Product Manufacturing
Capital One,"1211 Shreveport Barksdale Hwy. Shreveport, LA. 71105",,1/27/2009,4/03/2009,150,Sales Financing
ICF International,"8282 Goodwood Blvd. Baton Rouge, LA 70806",,1/26/2009,3/27/2009,135,All Other Professional and Technical Services
Quadel Housing Services,"7850 Anselmo Lane Baton Rouge, LA 70810",,1/26/2009,3/27/2009,70,All Other Professional and Technical Services
Sonoco Products,"6566 Mer Rouge Road Bastrop, LA 71220",,12/14/2010,12/17/2010,50,Miscellaneous Wood Product Manufacturing
StarTek,"1421 Wimbledon Blvd Alexandria, LA 71301",,11/30/2010,01/29/2011,330,Telemarketing Bureaus
CNC Applied Technology,"7720 California Avenue Ft. Polk, LA 71459",,10/29/2010,01/29/2011,60,Security Guards and Patrol Services
Lockheed Martin Corp.,"13800 Gentilly Road New Orleans, LA 70129",,10/27/2010,12/31/2010,59,Space Vehicle Propulsion Units and Parts Manufacturing
Imperial Sugar,"1230 Fifth Avenue Gramercy, LA 70544",,10/26/2010,12/31/2010,170,Sugar Cane Refinery
Union Underwear Co.,"810 Hubertville Rd Jeanerette, LA 70544",,10/1/2010,12/31/2010,178,Men’s and Boy’s Clothing Merhcant Wholesalers
Xanodyne Pharmaceuticals,"One Riverfront Place Newport, KY 41071",,9/21/2010,11/21/2010,194,Wholesale Trade Agent and Brokers
Northrop Grumman,"5100 River Road Avondale, LA 70094",,8/2/2010,10/4/2010,"4,703",Shipbuilding Industry
Northrop Grumman,"389 Port Road Tallulah, LA 71282",,8/2/2010,9/29/2010,95,Shipbuilding Industry
Northrop Grumman,"400 Russell Avenue Belle Chase, LA 70143",,7/30/2010,9/30/2010,51,Shipbuilding Industry
Lockheed Martin Corp.,"13800 Gentilly Road New Orleans, LA 70129",,7/28/2010,9/30/2010,544,Space Vehicle Propulsion Units and Parts Manufacturing
Rockwell Collins,"415 Davis Avenue Barksdale AFB, LA 71110",,7/28/2010,9/28/2010,65,Commercial Machinery Repair and Maintenance
Devon Energy Corporation,"4000 E. Kaliste Saloom Lafayette, LA 70508",,7/27/2010,9/27/2010,2,Support Activities for Oil and Gas Operations
Coca Cola Enterprises Inc.,"1300 Highway 165 Monroe, LA 71202",,7/12/2010,9/10/2010,80,Soft Drink Manufacturer
Butler America,"2 Trap Falls Road, Suite 204 Shelton, CT 06484",,7/2/2010,8/29/2010,50,Engineering Services
"Sodexo, Inc","5900 S. Front Street New Orleans, LA 70115",,4/28/2010,8/29/2010,178,Food Service Contractors
Devon Energy Corporation,"4000 E. Kaliste Saloom Lafayette, LA 70508",,7/1/2010,9/1/2010,50,Support Activities for Oil and Gas Operations
Lockheed Martin Corp.,"13800 Gentilly Road New Orleans, LA 70129",,6/10/2010,8/13/2010,33,Space Vehicle Propulsion Units and Parts Manufacturing
Devon Energy Corporation,"4000 E. Kaliste Saloom Lafayette, LA 70508",,6/2/2010,7/25/2010,50,Support Activities for Oil and Gas Operations
Wells Fargo & Co.,"10000 Perkins Rowe Baton Rouge, LA 70810",,5/25/2010,7/26/2010,72,Commercial Banking
Lockheed Martin Corp.,"13800 Gentilly Road New Orleans, LA 70129",,5/25/2010,7/30/2010,94,Space Vehicle Propulsion Units and Parts Manufacturing
Coca Cola Enterprises Inc.,"1300 Lynn Thibodaux, LA 70301",,5/7/2010,7/16/2010,111,Soft Drink Manufacturer
"Sodexo, Inc","5900 S. Front Street New Orleans, LA 70115",,4/28/2010,5/20/2010,154,Food Service Contractors
Allen Canning Company,"1581 Highway 114 Hessmer, LA 71341",,4/26/2010,4/26/2010,62,Fruit and Vegetable Canning
Devon Energy Corporation,"4000 E. Kaliste Saloom Lafayette, LA 70508",,4/12/2010,6/12/2010,50,Support Activities for Oil and Gas Operations
Steel Fabricators,"2101 Booth Street Monroe, LA 71211",,4/12/2010,4/26/2010,55,Fabricated Structural Metal Manufacturing
ENI US Operating Co.,"1250 Poydras Street New Orleans, LA 70126",,4/9/2010,6/10/2010,138,Oil and Gas Extraction
Lockheed Martin Corp.,"13800 Gentilly Road New Orleans, LA 70129",,3/24/2010,5/28/2010,39,Space Vehicle Propulsion Units and Parts Manufacturing
JP Morgan Chase,"451 Florida Street Baton Rouge, LA 70801",,2/25/2010,4/25/2010,239,Commercial Banking
Trane Inc,"1 Inducto Way Cullen, LA 71021",,2/24/2010,4/30/2010,163,Air Purification and Equipment Manufacturer
Lockheed Martin Corp.,"13800 Gentilly Road New Orleans, LA 70129",,2/24/2010,4/30/2010,184,Space Vehicle Propulsion Units and Parts Manufacturing
Devon Energy Corporation,"4000 E. Kaliste Saloom Lafayette, LA 70508",,2/22/2010,4/22/2010,50,Support Activities for Oil and Gas Operations
Morgan Research Corp.,"7029 8th Ave, Bldg 422 Ft. Polk, LA 71459",,2/11/2010,2/25/2010,98,Engineering Services
Steel Fabricators,"2101 Booth Street Monroe, LA 71211",,2/10/2010,3/8/2010,44,Fabricated Structural Metal Manufacturing
Lockheed Martin Corp.,"13800 Gentilly Road New Orleans, LA 70129",,1/20/2010,3/26/2010,35,Space Vehicle Propulsion Units and Parts Manufacturing
"Accent Marketing Services, LLC","22 Accent Dr. Suite 100 Monroe, LA 71201",,1/6/2010,3/7/2010,342,Telecommunications
Rockwell Collins,"415 Davis Avenue Barksdale Air Force Base Bossier City, LA 71110",,12/27/2011,3/27/2012,58,Commercial Machinery Repair and Maintenance
Lockheed Martin Corp.,"13800 Gentilly Road New Orleans, LA 70129",,12/1/2011,1/27/2012,47,Space Vehicle Propulsion Units and Parts Manufacturing
Transcom Inc.,"1819 Moss Street Lafayette, LA 70501",,11/28/2011,1/21/2012,265,Telemarketing Bureaus
"KBR, Inc.","4200 HWY 190 West DeRidder, LA 70634",,11/4/2011,12/04/2011,70,New Single Family General Contractor
Lockheed Martin Corp.,"13800 Gentilly Road New Orleans, LA 70129",,11/1/2011,12/30/2011,54,Space Vehicle Propulsion Units and Parts Manufacturing
Lowe’s Home Center,"8333 W. Judge Perez Dr. Chalmette, LA 70043",,10/17/2011,12/16/2011,93,Home Centers
Lockheed Martin Corp.,"13800 Gentilly Road New Orleans, LA 70129",,10/4/2011,11/30/2011,10,Space Vehicle Propulsion Units and Parts Manufacturing
Louisiana Binding Service,"300 Ampacet Drive DeRidder, LA 70634",,9/20/2011,9/27/2011,40,Tradebinding and Related Work
Lockheed Martin Corp.,"13800 Gentilly Road New Orleans, LA 70129",,9/1/2011,10/28/2011,62,Space Vehicle Propulsion Units and Parts Manufacturing
Lockheed Martin Corp.,"13800 Gentilly Road New Orleans, LA 70129",,8/3/2011,9/30/2011,8,Space Vehicle Propulsion Units and Parts Manufacturing
Lockheed Martin Corp.,"13800 Gentilly Road New Orleans, LA 70129",,7/28/2011,9/30/2011,15,Space Vehicle Propulsion Units and Parts Manufacturing
Rockwell Collins,"415 Davis Avenue Barksdale Air Force Base Bossier City, LA 71110",,7/15/2011,9/27/2011,57,Commercial Machinery Repair and Maintenance
Lockheed Martin Corp.,"13800 Gentilly Road New Orleans, LA 70129",,6/27/2011,8/26/2011,160,Space Vehicle Propulsion Units and Parts Manufacturing
Flextronics Americas,"7230 Youree Drive Suite 110 Shreveport, LA 71105",,5/25/2011,7/25/2011,2,Printed Circuit Assembly Manufacturing
Sitel Operating Corp,"411 Industrial Parkway Bogalusa, LA 70427",,5/17/2011,7/18/2011,149,All Other Professional and Technical Services
Lockheed Martin Corp.,"13800 Gentilly Road New Orleans, LA 70129",,4/25/2011,6/24/2011,6,Space Vehicle Propulsion Units and Parts Manufacturing
Areva NP Inc.,"155 Mill Ridge Road Lynchburg, VA 24501",,4/14/2011,6/14/2011,1,Engineering Services
Lockheed Martin Corp.,"13800 Gentilly Road New Orleans, LA 70129",,3/29/2011,5/27/2011,4,Space Vehicle Propulsion Units and Parts Manufacturing
Lockheed Martin Corp.,"13800 Gentilly Road New Orleans, LA 70129",,3/1/2011,4/29/2011,3,Space Vehicle Propulsion Units and Parts Manufacturing
Home Depot,"4700 Gentilly Road New Orleans, LA 70126",,2/10/2011,4/14/2011,81,Home Centers
Jacobs Field Services,"949 Essen Lane Baton Rouge, LA 70898",,1/20/2011,2/18/2011,152,General Contractors
Lockheed Martin Corp.,"13800 Gentilly Road New Orleans, LA 70129",,12/5/2012,1/31/2013,3,Space Vehicle Propulsion Units and Parts Manufacturing
Lockheed Martin Corp.,"13800 Gentilly Road New Orleans, LA 70129",,11/14/2012,1/11/2013,2,Space Vehicle Propulsion Units and Parts Manufacturing
Lockheed Martin Corp.,"13800 Gentilly Road New Orleans, LA 70129",,11/11/2012,12/31/2012,10,Space Vehicle Propulsion Units and Parts Manufacturing
Pepsi Beverages Co.,"383 West 10th Street Reserve, LA 70084",,11/9/2012,11/9/2012,60,Soft Drink Manufacturing
Staples,"533 Highlandia Drive Baton Rouge, LA 70810",,9/21/2012,11/30/2012,75,Other Services Related to Advertising
Kindred Hospital,"1111 Medical Ctr Blvd Marrero, LA 70072",,9/7/2012,11/9/2012,122,Nursing Care Facilities
Lockheed Martin Corp.,"13800 Gentilly Road New Orleans, LA 70129",,8/6/2012,9/13/2012,14,Space Vehicle Propulsion Units and Parts Manufacturing
The Home Depot,"2900 Westfork Drive Baton Rouge, LA 70827",,7/19/2012,9/21/2012,200,Call Center
Durham School Services,"5641 Morrison Rd. New Orleans, LA 70126",,7/13/2012,8/6/2012,212,School Bus Transportation Services
Xanodyne,"One Riverfront Place Newport, KY 41071",,6/21/2012,8/20/2012,3,Wholesale Trade Agent and Brokers
"Johnson Controls, Inc.","7144 West Park Rd. Shreveport, LA 71129",,6/25/2012,8/30/2012,71,All other Motor Vehicle Parts Manufacturing
Times Picayune,"3800 Howard Avenue New Orleans, LA 70125",,6/15/2012,9/30/2012,200,Newspaper Publisher
General Motors,"7600  Rd Shreveport, LA 71129",,6/11/2012,8/16/2012,764,Manufactures Automobiles and Trucks
Lockheed Martin Corp.,"13800 Gentilly Road New Orleans, LA 70129",,5/30/2012,7/27/2012,4,Space Vehicle Propulsion Units and Parts Manufacturing
International Paper,"1000 Erwin Thompson Drive Minden, LA 71055",,5/18/2012,7/7/2012,64,Paper Mill
Pinnacle Business Solutions,"7159 Florida Boulevard Baton Rouge, LA 70806",,5/11/2012,8/10/2012,87,All Other Business Support Services
Android,"7699 W. Bert Kouns Industrial Loop Shreveport, LA 71129",,5/9/2012,8/30/2012,95,Automobile Manufacturing
Hostess Brands,"433 West South Street Opelousas, LA 70570",,5/4/2012,7/4/2012,13,Retail Bakeries
Hostess Brands,"1202 Texas Street Natchitoches, LA 71547",,5/4/2012,7/4/2012,8,Retail Bakeries
Hostess Brands,"2519 Grand South Monroe, LA 71202",,5/4/2012,7/4/2012,26,Retail Bakeries
Hostess Brands,"2500 Gordon Avenue Monroe, LA 71202",,5/4/2012,7/4/2012,1,Retail Bakeries
Hostess Brands,"820 6th Avenue Lake Charles, LA 70601",,5/4/2012,7/4/2012,16,Retail Bakeries
Hostess Brands,"1200 Bertrand Drive Lafayette, LA 70506",,5/4/2012,7/4/2012,14,Retail Bakeries
Hostess Brands,"1217 Veterans Memorial Kenner, LA 70062",,5/4/2012,7/4/2012,18,Retail Bakeries
Hostess Brands,"233 New Orleans Street Houma, LA 70364",,5/4/2012,7/4/2012,12,Retail Bakeries
Hostess Brands,"12248 HWY 190 West Hammond, LA 70401",,5/4/2012,7/4/2012,8,Retail Bakeries
Hostess Brands,"2193 HWY 190 West Deridder, LA 70634",,5/4/2012,7/4/2012,3,Retail Bakeries
Hostess Brands,"4151 Viking Drive Bossier City, LA 71111",,5/4/2012,7/4/2012,23,Retail Bakeries
Hostess Brands,"2026 South Columbia Bogalusa, LA 70427",,5/4/2012,7/4/2012,13,Retail Bakeries
Hostess Brands,"1725 North Hearn Ave. Suite E Shreveport, LA 71107",,5/4/2012,7/4/2012,2,Retail Bakeries
Hostess Brands,"1104 Thomas Road West Monroe, LA 71202",,5/4/2012,7/4/2012,2,Retail Bakeries
Hostess Brands,"2727 Ardenwood Alexandria, LA 70805",,5/4/2012,7/4/2012,2,Retail Bakeries
Hostess Brands,"1631 North Flannery Baton Rouge, LA 70815",,5/4/2012,7/4/2012,38,Retail Bakeries
Hostess Brands,"5215 Leo Street Alexandria, LA 71302",,5/4/2012,7/4/2012,16,Retail Bakeries
Hostess Brands,"3710 Mac Arthur Drive Alexandria, LA 71302",,5/4/2012,7/4/2012,2,Retail Bakeries
Hostess Brands,"3400 Mac Arthur Drive Alexandria, LA 71302",,5/4/2012,7/4/2012,202,Retail Bakeries
Advance Baton Rouge,"5500 Florida Blvd Ste 106 Baton Rouge, LA 70806",,4/25/2012,7/31/2012,238,Elementary and Secondary Schools
Lockheed Martin Corp.,"13800 Gentilly Road New Orleans, LA 70129",,5/1/2012,6/29/2012,7,Space Vehicle Propulsion Units and Parts Manufacturing
Lockheed Martin Corp.,"13800 Gentilly Road New Orleans, LA 70129",,4/2/2012,5/31/2012,11,Space Vehicle Propulsion Units and Parts Manufacturing
Rockwell Collins,"415 Davis Avenue Barksdale Air Force Base Bossier City, LA 71110",,3/29/2012,6/20/12,58,Commercial Machinery Repair and Maintenance
Lockheed Martin Corp.,"13800 Gentilly Road New Orleans, LA 70129",,3/1/2012,4/16/2012,7,Space Vehicle Propulsion Units and Parts Manufacturing
Lockheed Martin Corp.,"13800 Gentilly Road New Orleans, LA 70129",,2/10/2012,3/7/2012,50,Space Vehicle Propulsion Units and Parts Manufacturing
"Sodexo, Inc.","3800 Desire Parkway Suite B New Orleans, LA 70126",,1/18/2012,2/29/2012,100,Cafeterias
Louisiana Hardwood Products,"116 Roy Baker Rd Morrow, LA 71356",,10/29/2013,12/31/2013,100,Forestry Support Activities
McDermott International,"2317 Hwy 662 South Morgan City, LA 70381",,10/23/2013,12/22/2013,19,Ship Building and Repairing
McDermott International,"2317 Hwy 662 South Morgan City, LA 70381",,10/01/2013,11/30/2013,6,Ship Building and Repairing
McDermott International,"2317 Hwy 662 South Morgan City, LA 70381",,09/17/2013,11/15/2013,51,Ship Building and Repairing
Northrop Grumman,"2650 Louisiana Ave.bldg 4386 Fort Polk, LA 71459",,09/06/2013,11/09/2013,332,Aircraft Manufacturing
McDermott International,"2317 Hwy 662 South Morgan City, LA 70381",,09/03/2013,11/01/2013,15,Ship Building and Repairing
Accent Marketing,"22 Accent Drive Monroe, LA 71201",,08/15/2013,10/19/2013,60,Telemarketing Bureaus
McDermott International,"2317 Hwy 662 South Morgan City, LA 70381",,08/20/2013,10/21/2013,4,Ship Building and Repairing
Blazer Construction,"160 Blazer Drive Sibley, LA 71073",,08/14/2013,10/14/2013,157,Construction
McDermott International,"2317 Hwy 662 South Morgan City, LA 70381",,08/07/2013,10/07/2013,94,Ship Building and Repairing
Lockheed Martin Corp.,"13800 Gentilly Road New Orleans, LA 70129",,08/06/2013,09/30/2013,2,Space Vehicle Propulsion Units and Parts Manufacturing
"Alternative Home Care Specialists, Inc.","1220 Eraste Landry Rd Lafayette, LA 70506",,07/15/2013,09/15/2013,64,Home Health Care Services
Christus Schumpert Medical Center,"One Saint Mary Place Shreveport, LA 71101",,07/02/2013,07/27/2013,200,General Medical & Surgical Hospitals
Trinity Marine Products,"7555 Choctaw Rd Brusly, LA 70719",,07/01/2013,09/05/2013,201,Ship Building Industry
Lockheed Martin Corp.,"13800 Gentilly Road New Orleans, LA 70129",,06/30/2013,08/29/2013,2,Space Vehicle Propulsion Units and Parts Manufacturing
Durham School Services,"5641 Morrison Rd New Orleans, LA 70126",,05/15/2013,06/30/2013,110,School Bus Transportation
Bradken Steel,"13040 Foulks Lane Amite, LA 70455",,04/23/2013,04/16/2013,105,"Steel Foundries, Steel Castings"
"Libbey, Inc","4302 Jewella Ave. Shreveport, LA 71109",,03/27/2013,05/29/2013,170,Other Pressed and Blown Glass and Glassware Manufacturing
"Southern Foods Group, LLC","5301 Interstate Dr. Shreveport, LA 71109",,03/14/2013,05/14/2013,178,Fluid Milk Manufacturing
Lockheed Martin Corp.,"13800 Gentilly Road New Orleans, LA 70129",,03/01/2013,04/25/2013,3,Space Vehicle Propulsion Units and Parts Manufacturing
"Schenker Logistics, Inc.","192 Ballard Court, Suite 200 Virginia Beach, VA 23462",,02/21/2013,04/21/2013,100,"Process, Physical Distribution and Logistics Consulting"
Lockheed Martin Corp.,"13800 Gentilly Road New Orleans, LA 70129",,02/01/2013,3/28/2013,1,Space Vehicle Propulsion Units and Parts Manufacturing
Lockheed Martin Corp.,"13800 Gentilly Road New Orleans, LA 70129",,01/10/2013,2/28/2013,4,Space Vehicle Propulsion Units and Parts Manufacturing
CB&I (Lion Copolymer),"5955 Scenic Hwy Baton Rouge, LA 70805",,12/27/2013,02/04/2014,80,Industrial Building Construction
Martin Mills,"One Fruit of the Loom Dr. Vidalia, LA 71373",,1/07/2014,3/10/2014,150,Other Apparel Accessories and Other Apparel Manufacturing
Printpack,"210 Kansas City Ave Shreveport, LA 71107",,1/09/2014,3/10/2014,58,Plastics Packaging Film and Sheet (including Laminated) Manufacturing
Northrup Grumman Technical Services Inc.,"2650 Louisiana Avenue, Bldg. 4386 Fort Polk, LA 71459",,1/09/2014,3/09/2014,210,Aircraft Engine and Engine Parts Manufacturing
Stewart Enterprises Inc.,"1333 S.Clearview Prky, Jefferson, LA 70121",,2/12/2014,4/1/2014,130,Funeral Homes and Funeral Services
General Dynamics Information Technology,"411 Industrial Parkway, Bogalusa, LA 70427",,2/18/2014,4/25/2014,155,Telephone Answering Services
Cox Communications,"7401 Florida Blvd. Baton Rouge, LA 70806",,2/27/2014,5/04/2014,63,Cable and Other Subscription Programming
Cox Communications,"1906 Eraste Landry Road, Lafayette, LA 70506",,2/27/2014,5/04/2014,58,Wired Telecommunications Carriers
Northrup Grumman Technical Services Inc,"2650 Louisiana Avenue, Bldg. 4386 Fort Polk, LA 71459",,3/09/2014,5/09/2014,332,Aircraft Engine and Engine Parts Manufacturing
McDermott Inc.,"2317 Hwy 662 South Morgan City, Louisiana 70380",,3/20/2014,5/16/2014,2,Support Activities for Oil and Gas Operations
Printpack,"210 Kansas City Ave Shreveport, LA 71107",,3/31/2014,5/31/2014,42,Plastics Packaging Film and Sheet (including Laminated) Manufacturing
Teche Federal Bank,"1120 Jefferson Terrace Blvd. New Iberia, LA 70560",,3/31/2014,6/01/2014,97,Commercial Banking
Cox Communications,"2121 Airline Drive Metairie, LA 70001",,4/02/2014,6/01/2014,125,Wired Telecommunications Carriers
Dr Pepper Snapple Group,"10103 Industriplex Ave Gonzales, LA 70737",,5/7/2014,7/3/2014,86,All Other Specialty Food Stores
Community Development Institute Head Start – Avoyelles Parish,"562 Main St Moreauville, LA 71355",,5/30/2014,7/31/2014,57,Child Day Care Services
Community Development Institute Head Start – Iberville Parish,"58015 Plaquemine Street Plaquemine, LA 70764",,6/3/2014,6/30/2014,70,Child Day Care Services
Northrup Grumman Technical Services Inc,"2650 Louisiana Avenue, Bldg. 4386 Fort Polk, LA 71459",,6/4/2014,7/25/2014,144,Aircraft Engine and Engine Parts Manufacturing
K Mart Store #3347,"2701 Belle Chase Hwt Gretna, LA 70056",,6/12/2014,9/7/2014,94,Discount Department Stores
CB&I Addis Shop,"7012 LA Hwy 1 South Addis, LA 70710",,7/17/2014,9/22/2014,126,Industrial Building Construction
"Professional Transportation, Inc","105 Saint Jude Livonia, La 70767",,7/25/2014,10/1/2014,45,Charter Bus Industry
"McDermott, Inc.","2317 Hwy 662 South Morgan City, LA 70380",,7/30/2014,9/22/2014,4,Support Activities for Oil and Gas Operations
St. Rose Nursery,"11966 River Road St. Rose, LA 70087",,7/30/2014,9/30/2014,21,"Flower, Nursery Stock, and Florists' Supplies Merchant Wholesalers"
Northrup Grumman Technical Services Inc,"2650 Louisiana Avenue, Bldg. 4386 Fort Polk, LA 71459",,8/19/2014,10/16/2014,346,Aircraft Engine and Engine Parts Manufacturing
Textron Systems Marine and Land Systems,"2585 Front Street and 252 Stone Rd Slidell, LA",,9/2/2014,11/3/2014,163,"Military Armored Vehicle, Tank, and Tank Component Manufacturing"
Systems Integration & Management Inc,2251 Lakeshore Drive New Orleans LA 70122,,9/2/2014,9/30/2014,100,Custom Computer Programming Services
River Parishes Hospital,"500 Rue de Santé LaPlace, LA 70068",,9/10/2014,10/31/2014,153,General Medical and Surgical Hospitals
Printpack,"210 Kansas City Ave Shreveport, LA 71107",,9/17/2014,12/15/2014,20,Plastics Packaging Film and Sheet (including Laminated) Manufacturing
Leidos,"142 Delaronde St. New Orleans, LA 70114",,9/12/2014,11/14/2014,70,Commercial and Institutional Building Construction
"Chemtrusion-LA, Inc","400 Thomas Road Baton Rouge, LA 70807",,10/29/2014,12/5/2014,44,All Other Plastics Product Manufacturing
Northrup Grumman Technical Services Inc,"2650 Louisiana Avenue, Bldg. 4386 Fort Polk, LA 71459",,10/29/14,12/30/14,390,Aircraft Engine and Engine Parts Manufacturing
Hercules Offshore,"9 Greenway Plaza Ste 2200, Houston Tx 77056",,11/5/2014,12/31/2014,450,Drilling Oil & Gas Wells
Community Development Institute Head Start – Rapides Parish,"1335 Jackson St Alexandria, LA 71306",,12/4/2014,1/31/2015,166,Child Day Care Services
"St. James Stevedoring Partners, LLC","9100 Safety Drive Convent, LA 70723",,12/5/2014,2/3/2015,215,Marine Cargo Handling
Albertson’s Store #2814,"3450 U.S. Highway 190 Mandeville, LA 70471",,1/6/2015,2/7/2015,83,Supermarkets and Other Grocery (except Convenience) Stores
Advance Central Services Louisiana,"3800 Howard Ave. New Orleans, LA 70125",,1/27/2015,3/31/2015,28,Periodical Publishers
Baker Hughes,"2137 Bayou Blue Road Houma, LA c/o HR- Gulf of Mexico 17021 Aldine Westfield Houston, TX 77073",,2/4/2015,2/4/2015,60,Oilfield
Baton Rouge General Medical Center,"3600 Florida Blvd Baton Rouge, LA 70806",,2/11/2015,4/30/2015,700 *exact number pending relocation to other departments,Healthcare
McDermott Inc.,"2317 Louisiana Highway 662 South Morgan City, LA 70380",,2/19/2015,4/21/2015 – 5/4/2015,6,Shipbuilding
Parker Drilling,"1110 Unifab Road New Iberia, LA 70560",,2/24/2015,3/4/2015- 3/18/2015,50-297,Oilfield
Greif Packaging LLC,"6000 Jefferson Highway New Orleans, LA 70123",,3/2/2015,5/15/2015,39,Manufacturing
Helmerich & Payne International Drilling,Green Canyon 65 (Bullwinkle) Platform Offshore Louisiana,,2/27/2015 notice received via certified mail 3/4/2015,3/15/2015,76,Oilfield
"Coast Professional, Inc.","214 Expo Circle, Suite 7 West Monroe, LA 71292",,3/5/2015,3/5/2015- 4/22/2015,91,Telephone Solicitation Services
"Wingspan Portfolio Advisors,Inc.","4100 Midway, Suite 1110 Carrollton, TX 75007",,3/3/2015,4/30/2015,193,Telephone Solicitation Services
Enable Midstream,"525 Milam St. Shreveport, LA 71101",,3/11/2015,5/11/2015- 13/31/2015,109,Oilfield
Bollinger Marine and Fabrication,"816 Bollinger Lane Amelia, LA",,3/26/2015,4/17/2015- 7/22/2015,275,Oilfield/Fabrication
Tenaris Hydril 201 Klein St.,"Westwego, LA c/o 2200 West Loop South, Suite 800 Houston, TX 77027",,4/6/2015,6/5/2015,88,Oilfield
Northrop Grumman Fort Polk,"2650 Louisiana Ave., Building 4386 Fort Polk, LA 71459 ",UPDATE,4/17/15 5/4/2015 Received LWC-OWD 7/20/2015,6/26/15- 7/10/2015 8/7/2015,426 426,Transportation
BP Biofuels,"1107 Campbell Wells Road Jennings, LA 70456",,5/4/2015,7/3/2015,56,Oilfield
CCA - Winn Correctional Center,"Louisiana Highway 560 PO Box 1260 Winnfield, LA 71483",,5/5/2015,7/3/2015,252,Corrections
First Student,"3187 Rosedale Road Port Allen, LA",,5/5/2015,6/30/2015,73,Transportation
Total Community Action Inc.,"1420 S. Jefferson Parkway New Orleans, LA 70125",,5/28/2015,6/30/2015,150,Community Action Advocacy Organization
Discover Home Loans Inc.,Multi-state WARN,,6/16/2015,8/15/2015,1 Multi-state notification- Louisiana total =1,Banking
Exterran,"1114 Hughes Road Broussard, LA 70518",,6/19/2015,8/28/2015- 13/31/2015,48 by 8/28/2015 closure by 12/2015,Oilfield/Manufacturing
Systems Integration and Management,"2611 Jefferson Highway, Suite 9060 Arlington, VA 22202 2251 Lakeshore Drive New Orleans, LA 70122",,6/30/2015,7/31/2015- 13/31/2015,100,Information Technolgy
WARN Rescinded,"Trinity Marine Products 7555 Choctaw Road Brusly, LA",WARN Rescinded,8/20/2015,9/30/2015 10/23/2015- 11/30/2015,282,Transportation- Construction and Energy
Baker Hughes,"6970 W. 70th St. Shreveport, LA 71129 17021 Aldine Westfield Road Houston, TX 77073",,8/27/2015,8/27/2015,28,Oilfield
Baton Rouge General Medical Center,"3600 Florida Blvd Baton Rouge, LA 70809",,9/10/2015,9/10/2015-1/8/2016,60-70,Healthcare
"Garden City Group, LLC","42548 Happywoods Road Hammond, LA",,9/24/2015 9/1/2015,11/23/2015,68,Legal
Alcoa,"4040 W. Tank Farm Road Lake Charles, LA 70605",,9/25/2015,11/30/2015,130,Manufacturing
Hercules Offshore,"9 Greenway Plaza, Suite 2200 Houston, TX 77056",,9/22/2015,11/21/2015,50,Oilfield
Magellan Health,"10000 Perkins Rowe, Building G, Suite 500 Baton Rouge, LA 70810",,9/28/2015,11/30/2015-2/28/2016,80,Healthcare
Tango Transport,"6009 Financial Plaza Shreveport, LA 71073",,9/30/2015,10/14/2015,80,Transportation
Trinity Marine,"150 Louisiana Highway 21 Madisonville, LA 70447",,10/5/2015,12/4/2015,336,Transportation- Construction and Energy
CHI,"3679 Bowen Road Howell, MI 48855",,10/8/2015,10/8/2015-12/8/2015,74,Transportation/Oilfield
Jacobs MSFOC Group,"Jacobs Technology Michoud Assembly Facility New Orleans, LA 70129",,11/12/2015,1/31/2016,195,Aerospace and Transportation
Flint Energy Services,"9788 U.S. Highway 79 Haynesville, LA 71038",,11/17/2015,1/15/2016,55,Energy
"Noble Drilling, LLC","13135 S. Dairy Ashford, Suite 800 Sugarland TX 77478",,11/25/2015,1/26/2015,130,Oilfield
Cameron Valve,"2175 SW Railroad Ave. Hammond, LA 70403",,12/1/2015,1/29/2016,52,Oilfield/Manufacturing
Advance Central Services Louisiana,"3800 Howard Ave. New Orleans, LA 70125",,12/7/2015,N/A,129,Periodical Publishers
Macy’s,"9301 Cortana Place Baton Rouge, LA 70815",,1/6/2016,3/14/2016,108,Department Store
National Oilwell Varco,"9768 East Main Street Houma, LA 70360",,1/7/2016,3/7/2016,80,Oilfield/Manufacturing
Trinity Marine Products,"150 Highway 21 Madisonville, LA 70447 ",Update from 2015 WARN,1/11/2016,3/11/2016,9,Shipbuilding and Repair
Noble Drilling,"13135 South Dairy Ashford Suite 800 Sugarland, Tx 77478",,1/12/2016,3/14/2016,120,Oilfield
Noranda Aluminum,"1111 N. Airline Hwy Gramercy, LA 70052 ",Update: Update: Update: Update: WARN RESCINDED,1/13/2016 3/9/2016 5/11/2016 7/8/2016 9/6/2016 11/1/2016,3/14/2016 5/11/2016 7/9/2016 9/9/2016 11/5/2016,444,Manufacturing
Garden City Group,"42548 Happywoods Rd Hammond, LA 70403 ",Update:,1/13/2016 3/31/2016,3/15/2016 3/31/2016,8 +1,Legal
Alcoa Calcined Coke Operations,"4040 West Tank Farm Road Lake Charles, LA 70605",,1/20/2016,1/20/2016,37,Manufacturing
Chevron Gulf of Mexico,"100 Northpark Blvd. Covington, LA 70433 ",Update:,2/4/2016 8/30/16,4/4/2016 4/7/2016,385 465,Oilfield
"Helmerich & Payne, Inc H&P Rig 105","1437 South Boulder Ave. Tulsa, Oklahoma 74119",,2/8/2016,2/15/2016,50,Oilfield
Stupp Corporation,12555 Ronaldson Rd Baton Rouge LA 70807 ,Update:,2/25/2016 3/11/2016,2/22/2016 3/18/2016,114 +112,Manufacturing/Oilfield
"Xerox State & Local Solutions, Inc.","7173 Florida Blvd. Baton Rouge, LA 70806",,3/5/2016,5/6/2016,84,Data Processing and Related Services
Maslow Media Group LLC dba Al Jazeera America LLC,"909 Poydras Street New Orleans, LA 70112",,3/22/2016,4/30/2016,1,Media
GE Drilling LLC,"1249 Evangeline Thruway Broussard, LA 70518",,4/11/2016,4/11/2016,77,Oilfield
Gulf Island LLC,"567 Thompson Road Houma, LA 70363 ",Update:,4/14/2016 7/1/2016,6/10/2016 8/30/2016,227 -8,Oilfield Manufacturing
Carbo Ceramics,"4810 Industrial Drive New Iberia, LA 70560",,4/18/2016,6/17/2016,61,Manufacturing/Oilfield
"Helmerich & Payne, Inc H&P Rig 100","1437 South Boulder Ave. Tulsa, Oklahoma 74119",,4/19/2016,5/1/2016,50,Oilfield
Southern Foods Group LLC dba Brown’s Dairy,"1300 Barrone Street New Orleans, LA 70113",,4/21/2016,7/29/2016,135,Milk Products
Union Tank Car Co,"6325 Hwy 1 North Alexandria, LA 71303",,4/26/2016,6/24/2016,250,Manufacturing
Hexion,"16122 River Road Norco, LA 70079",,4/28/2016,7/1/2016,97,Manufacturing
Freeport-McMoRan Oil & Gas,"1615 Poydras Street New Orleans, LA 70112 ",Update:,4/29/2016 9/13/16,7/1/2016 11/12/16,32 +1,Oilfield
"Offshore Specialty Fabricators, LLC","115 Menard Road, Houma, LA 70363 ",WARN Rescinded,5/2/2016 6/1/2016,7/5/2016,67,Oilfield
Martin Mills,"One Fruit of the Loom Dr. Vidalia, LA 71373 ",Update:,5/11/2016 11/30/2016,7/10/2016 3/31/2017,167 100,Warehousing/Distribution
Danos & Curole Marine Contractors,"2546 Highway 662 S. Morgan City, LA 70380",,5/12/2016,7/13/2016,80,Oilfield
AAR Aircraft Maintenance,"1945 Merganser St Lake Charles, LA 70615",,6/1/2016,7/30/2016,140,Aviation
Blue Sky Innovations,"304 LaRue France Ste 101 Lafayette, LA 70508",,6/30/2016,7/30/2016,58,Aviation (Oil & Gas Support Services)
GE Oil & Gas,"8011 Shreveport Highway Pineville, LA 71360",,7/1/2016,9/2/2016,269,Manufacturing
Louis Dreyfus Company,"1330 Highway 641 Gramercy, LA 70052",,8/1/2016,9/30/2016,49,Farm Product Warehousing/Distribution
Bradken Inc.,"13040 Foulks Lane 70422 Amite, LA",,8/23/2016,10/26/2016,65,Manufacturing
Trinity Marine Products,"7555 Choctaw Road Brusly, LA 70719",,8/31/2016,10/31/2016,288,Shipbuilding and Repair
Proactive Technologies,"415 Davis Ave East Barksdale, LA 71110",,9/7/2016,10/31/2016,51,Educational Support Services
ATCO Structures & Logistics,"7000 Southland Field Rd Sulphur, LA 70665",,9/16/2016,9/19/2016,3,Pre-fabricated Buildings
"Aramark Healthcare Services, LLC","Lafayette General Medical Center – EVS 1214 Coolidge Street Lafayette, LA 70503",,10/11/2016,12/12/2016,243,Janitorial Services
Stupp Corporation,12555 Ronaldson Rd Baton Rouge LA 70807,,10/21/2016,12/19/2016,193,Manufacturing/Oilfield
Ryder Integrated Logistics,"3370 Turfway Rd. Ste. 100 Erlanger, KY 41018",,11/4/2016,12/16/2016,1,Trucking
Brand Direct Health LLC,"68397 Tammany Trace Dr. Mandeville, LA 70471",,11/7/2016,1/6/2017,71,Pharmacy
Rowan Companies (Offshore Rig),"2800 Post Oak Blvd. Ste. 5450 Houston, Tx 77056",,11/14/2016,1/14/2017,110,Oilfield
Housing Authority of New Orleans,"4100 Touro Street New Orleans, LA 70122",,11/30/2016,1/31/2017,22,Government
"ExpressJet Airlines, Inc. (Aircraft Hanger)","6990 Challenger Drive Shreveport, LA 71109",,11/30/2016,2/1/2017,269,Air Transportation
"ExpressJet Airlines, Inc. (Aircraft Hanger)","6149 Amelia Earhart Drive Shreveport, LA 71109",,11/30/2016,9/1/2017,17,Air Transportation
Union Tank Car Co,"6325 Highway 1 North Alexandria, LA 71303",,12/2/2016,2/3/2017,105,Manufacturing
"Deep Cor Marine, Inc.","1610 St. Etienne Road, Broussard, LA 70518",,12/22/2016,1/3/2016,116,Oilfield
"ARKLATEX Energy Services, LLC","6913 Westport Ave., Shreveport, LA 71129",,12/23/2016,12/20/2016,78,Oilfield
Freeport-McMoRan Oil & Gas,"400 E. Kaliste Saloom Rd. Suite 1100 Lafayette, LA 70508",,12/30/2016,2/28/2017,16,Oilfield
Macy’s Esplanade Mall,"1401 W. Esplanade, Kenner, LA 70065 ",Update:,1/5/2017,3/6/2017 3/20/2017,116,Retail
Freeport McMoran Oil & Gas (GoM Operations),"400 E. Kaliste Saloom Rd. Ste 1100 Lafayette, La 70508",,2/1/2017,3/31/2017,17,Oil & Gas
Blue Cliff College,"8731 Park Plaza Dr. Shreveport, LA 71105",,2/2/2017,2/1/2017,40,Education
"ABB, Inc.","17100 Manchac Park Lane Suite B Baton Rouge, LA 70817 ",Update:,2/8/2017 4/6/2017,4/10/2017 6/6/2017,4 +55,Manufacturing
LifeCare Specialty Hospital of North LA.,"1401 Ezell Street Ruston, LA 71270",,4/3/2017,4/15/2017,167,Healthcare
Dollar Express #3324,"3620 MacArthur Blvd. New Orleans, LA 70114",,4/5/2017,6/30/2017,14,Retail
Dollar Express #5489,"6832 Florida Blvd. Baton Rouge, LA 70806",,4/5/2017,6/30/2017,9,Retail
Dollar Express #8237,"2001 Moss Street Lafayette, LA 70501",,4/5/2017,6/30/2017,10,Retail
Kellogg Distribution Ctr.,"9380 Ashland Rd, Gonzales, LA 70737",,5/4/2017,7/8/2017,206,Merchant Wholesale
Rowan Companies,"2800 Post Oak Blvd. Houston, TX 77056 ",Update:,5/22/2017 6/20/2017,7/21/2017 8/21/2017,150 +50,Oil & Gas
J.C. Penney,"9801 Cortana Place Baton Rouge, LA 70815",,5/24/2017,7/31/2017,78,Retail
"The Geo Group, Inc.","3751 Lauderdale Woodyard Road Kinder, LA70648",,6/21/2017,8/20/2017,200,Corrections
Sears – Acadiana Mall,"5715 Johnston St. Lafayette, LA 70503",,6/22/2017,9/17/2017,72,Retail
Sears Auto Center,"5715 Johnston St. Lafayette, LA 70503",,6/22/2017,9/17/2017,10,Auto Repair
ExpressJet Airlines,"6990 Challenger Drive Shreveport, LA 71109",,6/23/2017,8/23/2017,53,Air Transportation
Aviation Exteriors Louisiana,"1218 Hanger Drive New Iberia, LA 70560",,6/27/2017,6/28/2017,44,Air Transportation
CB&I,10404 Twin Port Road Delacambre LA 70528,,7/21/2017,10/15/2017,90,Construction
Albertson’s #4220,"3121 E. Texas Street Bossier City, LA 71111",,7/27/2017,9/9/2017,76,Grocery
Albertson’s #4038,"402 South Range Ave. Denham Springs, LA",,7/27/2017,9/9/2017,81,Grocery
Mondi Bags LLC,"3757 Second Street Arcadia, LA 71001",,10/18/2017,12/29/2017,69,Manufacturing
Aptim Services LLC,"(Entergy Operations- Riverbend Station) 5485 US Hwy 61 St. Francisville, LA 70775",,12/20/2017,1/12/2018,123,Support Services
Aptim Services LLC,"(Entergy Operations- Waterford 3) 17265 River Road Killona, LA 70057",,12/20/2017,1/12/2018,112,Support Services
CB&I,"30103 Sunland Drive Walker, LA 70785",,12/21/2017,2/19/2018,163,Manufacturing
Crescent Bank & Trust,"7290 Bluebonnet Blvd Baton Rouge, LA 70810",,1/4/2018,3/16/2018,94,Banking
PAM Specialty Hospital,"204 Energy Parkway Lafayette, LA 70508",,1/5/2018,3/8/2018,85,Healthcare
Sam’s Club #8204,"9598 Cortana Place Baton Rouge, LA 70815",,1/11/2018,3/16/2018,176,Retail
Schenker Inc.,"600 Ryder Dr. and 3701 Monroe Hwy, Pineville, LA 71360",,2/23/2018,4/29/2018,96,Transportation & Warehousing
"ABM Aviation, Inc.","900 Airline Dr. Kenner, LA 70062",,2/26/2018,3/31/2018,88,Facility Support Services
Sodexo,"1101 Medical Center Blvd Marrero, LA 70072",,3/22/2018,5/25/2018,169,Business Support Services
University Hospital & Clinics,"2390 W. Congress St. Lafayette, LA 70506 ",WARN RESCINDED,4/30/2018 6/26/2018,6/30/2018,770,Healthcare
Lake Charles Memorial Health System – Moss Memorial Campus,"1000 Walters St, Lake Charles, LA 70607 ",WARN RESCINDED,5/1/2018 6/26/2018,7/1/2018,171,Healthcare
Ardagh Glass Inc.,"4241 LA 563 Simsboro, LA 71275",,5/23/2018,7/23/2018,227,Manufacturing
ReNEW Cultural Arts Academy,"3128 Constance St. New Orleans, LA 70115",,6/18/2018,7/1/2018,60,Education
ReNEW McDonough City Park Academy #28,"2733 Esplanade Avenue New Orleans, LA 70119",,6/18/2018,7/1/2018,60,Education
CB&I Paint Dep’t,"Shintech Project 26270 Hwy 405 Plaquemine, LA 70764",,6/19/2018,6/8/2018,222,Construction
CB&I Civil & Dirt Dep’t,"Shintech Project 26270 Hwy 405 Plaquemine, LA 70764",,6/19/2018,6/14/2018,148,Construction
Community Development Institute – Head Start,"8736 Hwy 182N Opelousas, LA 70570",,6/30/18,8/31/18,187,Child Care
FTS International,"7284 John Petterway JR Blvd Shreveport, LA 71129",,8/8/18,8/8/18,192,Oil & Gas
State Farm Insurance,"7159 Florida Blvd. Baton Rouge, LA 70806",,8/27/18,11/30/18,47,Insurance
K Mart Store #07223,"7000 Veterans Blvd Metairie, LA 70003",,10/15/18,12/31/18,68,Retail
Raytheon Company,"1562 Alabama Ave. Leesville, LA 71459",,10/19/18,12/31/18,60,Specialized Training
Sears Roebuck and Co,"4400 Veterans Blvd Metairie, LA 70006",,1/3/19,3/24/19,68,Retail
Saint-Gobain CertainTeed,"3300 Pete Manena Road Westlake, LA 70669",,1/3/19,3/2/19,50,Manufacturing
Georgia Pacific,"1000 West Mt. Pleasant Road Zachary, LA 70791",,1/10/19,3/12/19,603,Paper Mill
Dolet Hills Lignite Co.,"2002 Crow Lane Pelican, LA 71063",,1/21/19,3/31/19,85,Mining
Thompson Pipe Group – Flowtite,"18585 Samuels Rd. Zachary, LA 70791",,1/28/19,3/31/19,115,Manufacturing
Wal-Mart Store #534,"1229 NE Evangeline Trwy Lafayette, LA 70501",,2/27/19,5/10/2019,291,Retail
New Orleans Air Ventures II,"900 Airline Drive Kenner, LA 70062",,3/11/19,5/14/19,130,Retail
Entergy LA Station,"300 Gulf States Utility Rd Baton Rouge, LA 70805",,3/29/19,5/31/19,66,Utilities
National General Management Corp,"15151 Florida Blvd. Baton Rouge, LA 70819",,3/29/19,5/28/19,127,Insurance
Aramark Educational Services – UNO,"2000 Lakeshore Drive New Orleans, LA 70148",,4/11/19,6/30/19,124,Food Services
WestRock,"2929 Louisville Ave Monroe, LA 71210",,4/23/19,6/24/19,83,Manufacturing
Advance Local Media,"4013 N I-10 Service Rd Metairie, LA 70002",,5/2/19,7/2/19,161,Newspaper
Compass Health dba Pathways,Multiple Locations in Pineville & Lake Charles,,5/2/19,6/30/19,121,Healthcare
Aptim Maintenance,"950 Interstate 10W Westlake, LA 70669",,5/24/19,5/23/19,344,Construction
Aramark Campus Services – Grambling State University,"403 Main Street Grambling, LA 71245",,5/28/19,6/30/19,135,Food Services
CenturyLink,"359 Bert Kouns Ind. Loop Shreveport, LA 71106",,7/11/19,10/18/19,54,Telecommunications
MidSouth Bank,"102 Versailles Blvd Lafayette, LA 70501",,8/2/19,9/20/19,90,Banking
Epic Companies,"309 Dickson Road Houma, LA 70363",,8/22/19,11/21/19,16,Oil & Gas Support
Epic Companies,"10656 LA-23 Belle Chase, LA 70037",,8/22/19,11/21/19,3,Oil & Gas Support
Aramark Services – Ochsner LSU Health,"1541 Kings Hwy, Shreveport, LA 71103 4864 Jackson Street Monroe, LA 71202",,8/26/19,10/31/19,257,Facilities Support Services
New Orleans Air Ventures II,"900 Airline Drive Kenner, LA 70062",,8/29/19,10/28/19,121,Retail
Bayou Steel,"138 Highway 3217 LaPlace, LA 70068",,9/30/19,11/30/19,376,Manufacturing
Jotun Paints Inc,"9203 Highway 23 Belle Chase, LA 70037",,10/30/19,12/31/19,53,Manufacturing
Wyndham Garden Hotel,"5600 Bluebonnet Blvd. Baton Rouge, LA 70809",,11/19/19,1/30/20,28,Hotel
Fort Dearborn Company,"600 Elmwood Park Blvd Harahan, LA 70123",,12/6/19,2/6/20,101,Commercial Printing (Except Screen & Books)
Waitr,Statewide,,2/6/20,4/6/20,2300,Food Service Delivery
Aptim Maintenance (@Placid Refining),"1940 LA-1 Port Allen, LA 70767",,3/10/20,3/22/20,112,Support Services
Coast Professional Inc.,"651 Downing Pines West Monroe, LA 71292",,3/27/20,3/20/20,98,Call Center
Coast Professional Inc.,"651 Expo Circle West Monroe, LA 71292",,3/27/20,3/20/20,82,Call Center
Wemco,"200 James Drive East St. Rose, LA 70087",,3/27/20,3/23/20,136,Wholesale
LAlumina,"41237 Hwy 22 Burnside, LA",,3/29/20,5/24/20,302,Manufacturing
Dolet Hills Lignite,"2002 Crow Lane Pelican, LA 71063",,3/30/20,6/5/20,100,Mining
Cinemark,Statewide,,4/1/20,3/26/20,237,Entertainment
Alsco Inc.,"5000 Hollywood Ave Shreveport, LA",,4/2/20,3/18/20,41,Linen & Laundry Service
Cypress Grove Behavioral Health,"414 Pine St, Monroe, LA 4673 Eugene Ware Blvd, Bastrop, LA",,4/3/20,5/1/20,139,Individual & Family Services
Coast Professional Inc.,"651 Expo Circle Suite 7 West Monroe, LA 71292",,4/3/20,4/3/20,13,Call Center
Halliburton Energy Services,"4607 Hwy 90 E Broussard, LA 70518",,4/14/20,4/14/20,36,Oil & Gas
ASRC Energy Services Omega,"4418 Pesson Road New Iberia, LA 70560",,4/17/20,6/5/20,180,Oil & Gas
Turner Industries – Pipe Fabrication (3 locations),"Port Allen,LA 70767",,4/21/20,6/26/20,350,Construction
Harrah’s Louisiana Downs East Texas Street,"Bossier City, LA 71111",,4/22/20,3/31/20,201,Casino
Cactus Wellhead,"4117 Meadow Lane Bossier City, LA 71111",,4/22/20,4/1/20,67,Oil & Gas
Horseshoe Entertainment,"711 Horseshoe Blvd Bossier City, LA 71111",,4/22/20,3/31/20,978,Casino
Ensco Offshore Company,Offshore – Gulf of Mexico,,4/23/20,5/30/20,NA,Oil & Gas
Aptim Maintenance (Cheniere Energy),"9243 Gulf Beach Hwy Cameron, LA 70631",,4/23/20,4/27/20,122,Support Services
Graphic Packaging,"1000 Jonesboro Road West Monroe, LA 71294",,4/29/20,6/13/20,56,Paper Mill
GE Gas Power,"201 St. Charles Avenue New Orleans, LA 70170",,4/29/20,6/29/20,71,Technology
GE Aviation,"201 St. Charles Avenue New Orleans, LA 70170",,4/29/20,6/29/20,31,Technology
Enterprise Rent-A-Car,"600 Rental Blvd. Kenner, LA 70062",,4/29/20,4/30/20,27,Rental Services
Enterprise Rent-A-Car,"225 E. Airline Kenner, LA 70062",,4/29/20,4/30/20,9,Rental Services
Enterprise Rent-A-Car,"9292 General Chennault Dr. Baton Rouge, LA 70807",,4/29/20,4/30/20,2,Rental Services
Enterprise Rent-A-Car,"3529 North I-10 Service Rd. Metairie, LA 70002",,4/30/20,4/30/20,13,Rental Services
Benteler Steel/Tube Manufacturing Corp.,"1 Benteler Drive, Shreveport, LA 71115",,4/30/20,7/1/20,375,Manufacturing
Georgia-Pacific Wood Products LLC,"3442 LA-12 Dequincy, LA 70633 ",Update:,5/1/20 6/4/20,6/30/20 7/13/20,188,Sawmills
Louisiana Riverboat Gaming Partnership dba Diamond,"Jacks Casino & Hotel 711 DiamondJacks Blvd. Bossier City, LA 71111",,5/15/20,5/22/20,349,Casino
Renaissance New Orleans Pere Marquette FQ Area,"817 Common Street New Orleans, LA 70112",,5/20/20,7/21/20,76,Hospitality
Renaissance New Orleans Arts Warehouse District,"700 Tchoupitoulas Street New Orleans, LA 70130",,5/20/20,7/21/20,63,Hospitality
Sam’s Town Hotel & Casino,"315 Clyde Fant Pkwy Shreveport, LA 71101",,5/22/20,7/1/20,414,Casino
Treasure Chest Casino,"5050 Williams Blvd Kenner, LA 70065",,5/22/20,7/1/20,340,Casino
Amelia Belle Casino,"500 Lake Palourde Rd Amelia, LA 70340",,5/22/20,7/1/20,170,Casino
Delta Downs Racetrack Casino and Hotel,"2717 Delta Downs Dr Vinton, LA 70668",,5/22/20,7/1/20,354,Casino
Evangeline Downs Racetrack Casino,"2235 Creswell Ln Opelousas, LA 70570",,5/22/20,7/1/20,246,Casino
Crowne Plaza New Orleans French Quarter,"739 Canal Street New Orleans, LA 70130",,5/26/20,5/1820,107,Hospitality
Blake International Rigs,"410 South Van Ave. Houma, La 70363",,5/28/20,6/3/20,105,Oil & Gas
Le Meridian Hotel,"333 Poydras Street New Orleans, LA 70130",,5/28/20,7/28/20,112,Hospitality
Loews Hotel,"300 Poydras Street New Orleans, LA 70130",,5/29/20,5/27/20,132,Hospitality
NAPA Auto Parts - Distribution Center,"500 Shrewsbury Rd. New Orleans, LA 70121",,6/1/20,7/31/20,70,Automotive Parts & Accessories
Hilton New Orleans Airport,"901 Airline Drive Kenner, LA 70062",,6/1/20,5/22/20,85,Hospitality
NOPSI Hotel,"317 Baronne Street New Orleans, LA 70112",,6/1/20,5/26/20,92,Hospitality
Sheraton Hotel,"500 Canal Street New Orleans, LA 70130",,6/4/20,3/13/20,431,Hospitality
New Orleans Marriott Hotel,"555 Canal Street New Orleans, LA 70130",,6/4/20,3/21/20,474,Hospitality
W French Quarter,"316 Chartres Street New Orleans, LA 70130",,6/4/20,3/18/20,84,Hospitality
Downtown Marriott at the Convention Center,859 Convention Center Blvd New Orleans 70130,,6/4/20,3/21/20,109,Hospitality
The Ritz-Carlton Hotel,"921 Canal Street New Orleans, LA 70112",,6/5/20,3/14/20,423,Hospitality
JW Marriott Hotel,"614 Canal Street New Orleans, LA 70130",,6/5/20,3/21/20,142,Hospitality
Hyatt Regency,"601 Loyola Avenue New Orleans, LA 70113",,6/5/20,3/22/20,343,Hospitality
The Higgins Hotel & Conference Center,1000 Magazine Street New Orleans LA 70130,,6/9/20,6/9/20,132,Hospitality
Boomtown New Orleans,"4132 Peters Road Harvey, LA 70058",,6/12/20,8/15/20,197,Casino
Margaritaville Resort Casino,"777 Margaritaville Way Bossier City, LA 71111",,6/12/20,8/15/20,347,Casino
L’Auberge Casino Hotel,"777 L’Auberge Avenue Baton Rouge, LA 70820 ",UPDATE:,6/12/20 6/29/20,8/15/20 9/29/20,161 +1,Casino
L’Auberge Casino Resort,"777 Avenue L’Auberge Lake Charles, LA 70601",,6/13/20,8/15/20,441,Casino
Link Restaurant Group,"930 Tchoupitoulas New Orleans, LA 70130",,6/17/20,3/17/20,312,Hospitality
"Xanitos, Inc.","200 Houma Blvd. Metairie, LA 70006",,6/18/20,8/18/20,138,Support Services
The Freeman Company,"1000 Elmwood Park Blvd New Orleans, LA 70123  Freeman Audio Visual Freeman Expositions",Update: Furlough extension,6/23/20 9/18/20 9/18/20 9/18/20,6/30/20 9/23/20 9/23/20 9/23/20,23 15 41 4,Support Services
Cypress Bayou Casino Hotel,"832 Martin Luther King Rd Charenton, LA 70523",,6/25/20,7/1/20,229,Casino
Hilton Shreveport,"104 Market Street Shreveport, LA 71101",,6/26/20,6/5/20,33,Hospitality
Delaware North Companies,"800 Airline Highway Kenner, LA 70062",,6/30/20,3/17/20,270,Hospitality
United Airlines - MSY,"1 Terminal Dr Kenner, LA 70062 ",UPDATE,7/8/20 7/30/20,10/1/20 10/1/20,70 +2,Airline
Sodexo - UNO,"2000 Lakeshore Drive New Orleans, LA 70148",,7/9/20,8/31/20,63,Support Services
Boomtown New Orleans,"4132 Peters Road Harvey, LA 70058",,7/13/20,9/15/20,28,Casino
Archdiocese of New Orleans,"1000 Howard Avenue New Orleans, LA 70113",,7/17/20,9/15/20,19,Religious Organization
Hilton Capitol Center,"201 Lafayette Street Baton Rouge, LA 70801",,7/17/20,9/20/20,93,Hospitality
BJ Services,"6970 W. 70th St., Shreveport, LA 71129",,7/19/20,8/2/20,273,Oil & Gas
Arnaud’s/Remoulades,"813 Bienville Street New Orleans, LA 70112",,7/23/20,3/17/20,150,Hospitality
Commander’s Palace,"1403 Washington Ave New Orleans, LA 70130",,7/24/20,3/17/20,240,Hospitality
American Queen Steamboat Company,"222 Pearl Street New Albany, IN 47150",,7/24/20,9/24/20,76,Hospitality/Tourism
Transdev Inc.,"2817 Canal Street New Orleans, LA 70119",,7/29/20,9/28/20,750,Transportation
Wyndham Vacation Ownership,"2111 St. Charles Ave. New Orleans, LA 70130",,7/30/20,7/3/20,108,Hospitality
Hilton New Orleans Riverside,"2 Poydras Street New Orleans, LA 70130",,7/31/20,3/23/20,666,Hospitality
The Roosevelt Hotel,"130 Roosevelt Way New Orleans, LA 70112",,8/1/20,3/20/20,124,Hospitality
Hyatt Regency,"601 Loyola Avenue New Orleans, LA 70113 ",UPDATE UPDATE UPDATE UPDATE,8/2/20 9/1/20 11/3/20 11/11/20 12/16/20,3/22/20 8/23/20 10/25/20 11/8/20 12/6/20,30 +5 +4 +1 +3,Hospitality
HMS Host,"1 Terminal Drive Kenner, LA 70062",,8/13/20,10/16/20,301,Hospitality
Hotel Monteleone,"214 Royal Street New Orleans, LA 70130",,8/13/20,10/25/20,197,Hospitality
Arcosa Marine Products,"150 Hwy 21 Madisonville, LA 70447",,8/14/20,10/13/20,66,Manufacturing
Stellar HLL MSY Venture,"508 Time Saver Ave Elmwood, LA 70123",,8/18/20,10/15/20,38,Retail
Stupp Corporation,"12555 Ronaldson Road Baton Rouge, LA 70807",,8/24/20,10/24/20,300,Manufacturing
Libbey Inc.,"4302 Jewella Avenue Shreveport, LA 71109 ",UPDATE: UPDATE:,8/26/20 9/30/20 12/15/20,10/25/20 11/2/20 12/31/20,420 405 369,Manufacturing
Stupp Coatings,"12710 Leisure Rd. Baton Rouge, LA 70807",,8/26/20,10/1/20,75,Manufacturing
H.N. Fernandez Inc.,"813 Decatur St. New Orleans, LA 70116",,8/27/20,3/16/20,145,Hospitality
"Avis Budget Group BTR, MSY, LFT, LCH",Multiple Cities,,8/28/20,4/1/20,7,Rental Services
Ace Hotel New Orleans,"600 Carondelet St New Orleans, LA 70130",,9/1/20,9/15/20,88,Hospitality
Live Nation Entertainment,"225 Decatur Street New Orleans, LA 70130",,9/1/20,4/24/20,84,Entertainment
Sheraton Hotel,"500 Canal Street New Orleans, LA 70130",,9/3/20,11/6/20,170,Hospitality
Dave & Buster’s,"1200 Poydras, Unit 601 New Orleans, LA 70113",,9/8/20,11/8/20,97,Entertainment
Emeril’s Restaurant,"800 Tchoupitoulas Street New Orleans, LA 70130",,9/15/20,3/17/20,97,Hospitality
Pat O’Brien’s,"718 St. Peter Street New Orleans, LA 70116",,9/16/20,9/30/20,80,Hospitality
Royal Sonesta New Orleans,"300 Bourbon Street New Orleans, LA 70130",,9/17/20,11/10/20,235,Hospitality
P.F. Chang’s China Bistro,"3301 Veterans Blvd. Unit#63 Metairie, LA 70002",,9/18/20,3/17/20,75,Hospitality
P.F. Chang’s China Bistro,"7341 Corporate Blvd. Baton Rouge, LA 70809",,9/18/20,3/17/20,75,Hospitality
Omni Royal Orleans,"621 Saint Louis Street New Orleans, LA 70130",,9/18/20,3/19/20,145,Hospitality
ABM Inc,"600 Rental Blvd. Kenner, LA 70062",,9/22/20,10/4/20,n/a,Support Services
Bristow U.S. LLC,"18594 LA-3235 Galliano, LA 70354 ",UPDATE: UPDATE:,9/22/20 11/19/20 12/2/20,12/1/20 12/1/20 1/17/21,74 +1 +21,Nonscheduled Air Transportation
Bristow U.S. LLC,"4605 Industrial Drive New Iberia, LA 70560 ",UPDATE: UPDATE,9/22/20 11/19/20 12/2/20,12/1/20 12/1/20 1/17/21,84 -4 +10,Nonscheduled Air Transportation
Audubon Nature Institute Multiple Locations,"New Orleans, LA",,9/24/20,9/24/20,532,Zoos and Botanical Gardens
Menzies Aviation - MSY,"1 Terminal Drive Kenner, LA 70062",,9/25/20,11/23/20,73,Scheduled Air Transportation
Lake Charles Memorial Health System,Lake Charles LA 70601,,9/29/20,9/28/20,205,Healthcare
Omni Riverfront Hotel,"701 Convention Center Blvd New Orleans, LA 70130",,10/1/20,3/30/20,83,Hospitality
Calcasieu Refining Company,"4359 W. Tank Farm Rd. Lake Charles, LA 70605",,10/2/20,12/1/20,69,Petroleum Refineries
Oceans Behavioral Hospital,"4250 5th Avenue Lake Charles, LA 70607",,10/6/20,10/5/20,50,Healthcare
Aviation Exteriors Louisiana,"1218 Hangar Drive New Iberia, LA 70560",,11/5/20,11/6/20,48,Support Activities for Air Transportation
Sodexo – Nicholls State Madewood & Leighton,"Thibodaux, LA 70310",,11/6/20,3/17/20,112,Support Services
Community Development Institute Head Start,"306 S. Theater St. St. Martinville, LA 70582",,11/17/20,12/31/20,271,Child Day Care Services
Southwest Airlines,"1 Terminal Drive Kenner, LA 70062 ",WARN RESCINDED,12/3/20 1/8/21,3/15/21,54,Airline
Isle of Capri Casino,"100 Westlake Avenue Westlake, LA 70669",,12/4/20,2/1/21,336,Casino
Shell Convent Refinery,"10700 LA-44 Convent, LA 70723",,12/21/20,3/1/21,698,Petroleum Refineries
Arcosa Marine Products,"150 Hwy 21 Madisonville, LA 70447",,3/4/21,5/4/21,100,Manufacturing
University View Academy at Tallulah Charter School,"1206 North Cedar Street Tallulah, LA 71282",,3/4/21,6/9/21,57,Education
Lawrence D. Crocker College Prep,"2301 Marengo Street New Orleans, LA 70115",,3/9/21,5/28/21,65,Education
Centerra Group LLC Three Locations,"Plaquemine, New Orleans, and Hackberry, LA",,6/21/21,7/31/21,108,Security Services
Railserve,"355 Hwy 3142 Hahnville, LA 70057",,8/26/21,11/1/21,66,Support Activities for Rail Transportation
Stupp Corp,"12555 Ronaldson Road Baton Rouge, LA 70807",,9/8/21,11/6/21,45,Manufacturing
Maison DeVille Nursing Home in Houma,"107 S. Hollywood Drive Houma, LA 70360",,9/14/21,9/10/21,152,Nursing Care Facilities
Maison Deville Nursing Home of Harvey,"2233 8th Street Harvey, LA 70058",,9/14/21,9/10/21,94,Nursing Care Facilities
St. Elizabeth’s Caring,"1020 Manhattan Blvd. Harvey, LA 70058",,9/14/21,9/10/21,137,Nursing Care Facilities
Park Place Healthcare,"535 Commerce Street Gretna, LA 70056",,9/14/21,9/10/21,137,Nursing Care Facilities
River Palms Nursing and Rehab,"5301 Tullis Drive New Orleans, LA 70131",,9/14/21,9/10/21,158,Nursing Care Facilities
Maison Orleans Health Care Center,"1420 General Taylor New Orleans, LA 70015",,9/14/21,9/10/21,178,Nursing Care Facilities
South Lafourche Nursing and Rehab,"146 E. 28th Street Cut Off, La, 70345",,9/14/21,9/10/21,107,Nursing Care Facilities
Cleco Dolet Hills Power Station,"963 Power Plant Rd. Mansfield, LA 71052",,10/18/21,12/31/21,54,Utilities
Odle Management Group,"8825 Airline Hwy New Orleans, LA 70118",,10/29/21,12/25/21,60,Vocational Rehabilitation Services
Phillips 66 Company - Alliance Refinery,"Hwy 23 LA-23 Belle Chasse, LA 70037",,11/8/21,1/7/22,470,Petroleum Refineries
Watsonville Community Hospital,"75 Nielson Street Watsonville, Ca 95076",,11/26/21,1/28/22,1*,Hospital
"Ready Responders, Inc","1320 Magazine St. Ste 203 New Orleans, LA 70130",,3/10/22,2/18/22,12,Healthcare
