Company,City,Affected Workers,Notice Received,Notice Type,Layoff Begin Date,NAICS Description,County,Workforce Development Area
Waupaca Elevator Co Inc,Appleton,60,12/30/2021,WR,02/28/2022,Private Households,Outagamie,Bay Area
TMD Wisconsin LLC,Beloit,27,11/22/2021,WR,01/23/2022,Motor Vehicle Seating & Interior Trim Mfg,Rock,Southwest
First Transit,Racine,81,11/29/2021,CL,1/31/2022,Bus & Other Motor Vehicle Transit Systems,Racine,Southeast
Valero Services Inc.,Johnson Creek,61,10/4/2021,WR,10/15/2021,Ethyl Alcohol Mfg,Jefferson,South Central
Eaton Corporation,Watertown,56,9/9/2021,CL,11/8/2021,Relay & Ind Control Mfg,Jefferson,South Central
Eaton Corporation - Revision 1,Watertown,56,1/21/2022,LS,11/8/2021,Relay & Ind Control Mfg,Jefferson,South Central
"The Vollrath Company, LLC",Menomonee Falls,51,9/28/2021,CL,12/10/2021,Food Product Machinery Mfg,Waukesha,WOW
"Guardian Fabrication, LLC",Sun Prairie,82,9/30/2021,CL,12/17/2021,Glass Product Mfg Made of Purchased Glass,Dane,South Central
"Tyson Foods, operating as LD Foods/Keystone Foods",Jefferson,62,8/11/2021,CL,10/10/2021,Seafood Product Preparation & Packaging,Jefferson,South Central
"Neenah, Inc.",Appleton,94,7/16/2021,CL,09/15/2021,Paper exc Newsprint Mills,Outagamie,Bay Area
"Calibre, Inc.","Grafton, Saukville",204,6/1/2021,CL,12/31/2020,Metal Coating & Nonprecious Engraving,Ozaukee,WOW
Hufcor Inc.,Janesville,166,6/2/2021,WR,08/03/2021,Showcases Partitions Shelving & Lockers,Rock,Southwest
Clearwater Paper,Neenah,285,6/2/2021,CL,07/02/2021,Paper exc Newsprint Mills,Winnebago,Fox Valley
Malteurop North America Inc.,Milwaukee,28,6/15/2021,WR,08/15/2021,Malt Mfg,Milwaukee,Milwaukee
"Create-Ability, Inc.",Madison,61,6/29/2021,CL,08/31/21,Residential Intellectual and Developmental Disability Facilities,Dane,South Central
"Nestle USA, Inc.",Burlington,34,5/12/2021,WR,07/23/2021,Confectionery Merch Whls,Racine,Southeast
Durr Universal,Muscoda,87,5/19/2021,WR,08/31/2021,Misc General Purpose Machinery Mfg,Grant,Southwest
Durr Universal - Revision 1,Muscoda,88,7/6/2021,AW,08/31/2021,Misc General Purpose Machinery Mfg,Grant,Southwest
Deluxe Corporation,Wausau,43,4/1/2021,CL,06/30/21,Printing & Writing Paper Merch Whls,Marathon,North Central
"Cargill Cocoa and Chocolate, Inc.",Milwaukee,80,4/6/2021,WR,06/05/2021,Chocolate & Confectionery Mfg from Cacao Bean,Milwaukee,Milwaukee
Neillsville Care and Rehab,Neillsville,40,3/16/2021,CL,03/16/2021,Nursing Care Facilities (Skilled Nursing),Clark,West Central
Wisconsin Central School Bus,New Richmond,48,3/18/2021,CL,03/18/2021,School & Employee Bus Trans,St. Croix,West Central
Wisconsin Central School Bus - Revision 1,New Richmond,48,3/22/2021,LS,06/04/2021,School & Employee Bus Trans,Saint Croix,West Central
Dairyland Power Cooperative,Genoa,63,3/25/2021,CL,06/01/2021,Fossil Fuel Elect Power Generation,Vernon,Western
"Foot Locker Corporate Services, Inc.",Milwaukee,22,3/31/2021,WR,05/30/2021,Family Clothing Stores,Milwaukee,Milwaukee
Wisconsin Physicians Services Insurance Corporation,"Rothschild, Monona",128,2/26/2021,WR,05/03/2021,Direct Health & Medical Insurance Carriers,"Dane, Marathon","South Central, North Central"
"Stresau Laboratory, Inc",Spooner,70,1/13/2021,CL,02/24/2021,Ammunition exc Small Arms Mfg,Washburn,Northwest
"Stresau Laboratory, Inc. - Revision 1",Spooner,0,1/25/2021,RN,,Ammunition exc Small Arms Mfg,Washburn,Northwest
The Master Lock Company,Milwaukee,61,1/20/2021,WR,03/20/2021,Hardware Mfg,Milwaukee,Milwaukee
Durham School Services,Milwaukee,23,1/21/2021,CL,03/13/2021,School & Employee Bus Trans,Milwaukee,Milwaukee
Ryder Integrated Logistics,Milwaukee,80,1/21/2021,WR,03/31/2021,Packing & Crating,Milwaukee,Milwaukee
"Conagra Brands, Inc.",Milwaukee,190,1/25/2021,CL,04/02/2021,Other Grocery Product Merch Whls,Milwaukee,Milwaukee
Conagra Brands Inc. - Revision 1,Milwaukee,181,3/23/2021,"LS, AW",08/27/2021,Other Grocery Product Merch Whls,Milwaukee,Milwaukee
"Conagra Brands, Inc. - Revision 2",Milwaukee,153,11/15/2021,"LS, AW",01/21/2022,Other Grocery Product Merch Whls,Milwaukee,Milwaukee
Air Wisconsin Airlines,Milwaukee,140,1/28/2021,WR,04/01/2021,Other Support Activities for Air Trans,Milwaukee,Milwaukee
Stock and Field,Portage,39,1/29/2021,CL,03/31/2021,Department Stores,Columbia,South Central
EFS,Kenosha,10,12/8/2020,CL,01/31/2021,General Freight Trucking Long Distance,Kenosha,Southeastern
Plymouth Tube Co USA,East Troy,11,12/28/2020,WR,02/28/2021,Iron Steel Pipe & Tube from Purchased Steel,Walworth,Southeast
Courtyard Management Corporation,Brookfield,29,12/29/2020,CL,03/01/2021,Hotels & Motels exc Casino Hotels,Waukesha,WOW
Cardinal Logistics Management Corporation,Wisconsin Rapids,33,11/3/2020,CL,12/31/2020,General Freight Trucking Long Distance,Wood,North Central
Mayo Clinic,La Crosse,5,11/6/2020,WR,01/01/2021,N/A,La Crosse,Western
"Dairyland Buses, Inc. and Lakeside Buses, Inc.",Milwaukee,189,11/11/2020,CL,11/03,School & Employee Bus Trans,Milwaukee,Milwaukee
Fleet Farm,Appleton,42,11/13/2020,CL,01/14/2021,All Other General Merchandise Stores,Outagamie,Bay Area
Sodexo at Martin University,Fond du Lac,24,11/16/2020,WR,03/16/2020,Food Service Contractors,Fond Du Lac,Fox Valley
Valley Popcorn Co,Neenah,18,11/17/2020,WR,11/16/2020,Confectionary Merch Whls,Winnebago,Fox Valley
Southwest Airlines,Milwaukee,18,11/18/2020,WR,01/25/2021,Scheduled Passenger Air Trans,Milwaukee,Milwaukee
Southwest Airlines - Revision 1,Milwaukee,144,12/3/2020,AW,3/15/2020,Scheduled Passenger Air Trans,Milwaukee,Milwaukee
Southwest Airlines - Revision 2,Milwaukee,0,1/8/2020,RN,,Scheduled Passenger Air Trans,Milwaukee,Milwaukee
"Tex Mess, LLC, dba Eldorado Grill",Madison,20,11/19/2020,WR,12/20/2020,Full service restaurants,Dane,South Central
IHG Management (Maryland) LLC,Wauwatosa,31,10/6/2020,WR,11/30/2020,Hotels & Motels exc Casino Hotels,Milwaukee,Milwaukee
W.M. Sprinkman,Waukesha,30,10/7/2020,CL,12/04/2020,Metal Tank Heavy Gauge Mfg,Waukesha,WOW
Progressive Parking Solutions,Milwaukee,62,10/20/2020,CL,11/30/2020,Parking Lots & Garages,Milwaukee,Milwaukee
Progressive Parking Solutions,Kenosha,2,10/20/2020,CL,11/30/2020,Parking Lots & Garages,Kenosha,Southeast
Progressive Parking Solutions,Grafton,3,10/20/2020,CL,11/30/2020,Parking Lots & Garages,Ozaukee,WOW
"Calibre, Inc.","Grafton, Saukville",204,10/28/2020,CL,12/31/2020,Metal Coating & Nonprecious Engraving,Ozaukee,WOW
"Calibre, Inc. - Revision 1","Grafton, Saukville",204,12/30/2020,LS,12/31/2020,Metal Coating & Nonprecious Engraving,Ozaukee,WOW
"Eau Claire Anesthesiologists, Ltd.",Eau Claire,54,10/29/2020,CL,12/31/2020,Office of Physicians exc Mental Health,Eau Claire,West Central
"Maple Leaf Cheesemakers, Inc.",Monroe,31,10/29/2020,CL,12/31/2020,Cheese Mfg,Green,Southwest
School Sisters of Notre Dame,Elm Grove,66,10/30/2020,CL,12/31/2020,Elementary & Secondary Schools,Waukesha,WOW
Turnkey Processing Solutions/WP Operations LLC,Hixton,45,10/30/2020,CL,12/31/2020,Construction Sand & Gravel Mining,Jackson,Western
Turnkey Processing Solutions/WP Operations LLC - Revision 1,Hixton,45,01/05/2021,LS,02/28/2021,Constructions Sand & Gravel Mining,Jackson,Western
Turnkey Processing Solutions/WP Operations LLC - Revision 2,Hixton,34,02/26/2021,"LS, AW",03/31/2021,Constructions Sand & Gravel Mining,Jackson,Western
Hyatt Place Madison,Madison,26,9/1/2020,WR,03/15/2020,Hotels & Motels exc Casino Hotels,Dane,South Central
"Frank Productions, LLC.",Madison,39,9/16/2020,WR,09/20/2020,Promoters With Facilities,Dane,South Central
Sodexo,Milwaukee,73,9/17/2020,WR,03/15/2020,Food Service Contractors,Milwaukee,Milwaukee
P.F. Chang's China Bistro,Wauwatosa,75,9/17/2020,WR,09/17/2020,Full-service restaurants,Milwaukee,Milwaukee
P.F. Chang's China Bistro,Appleton,75,9/17/2020,WR,09/17/2020,Full-service restaurants,Outagamie,Bay Area
"Bartolotta Restaurant Group, LLC",Milwaukee,268,9/21/2020,WR,03/16/2020,Full-service restaurants,Milwaukee,Milwaukee
"Mondi Akrosil, LLC",Pleasant Prairie,92,9/25/2020,CL,02/01/2021,Paper Bag & Coated & Treated Paper,Kenosha,Southeast
"Mondi Akrosil, LLC - Revision 1",Pleasant Prairie,108,06/18/2021,AW,02/01/2021,Paper Bag & Coated & Treated Paper,Kenosha,Southeast
Advanced Pain Management LLC,"Appleton, Greenfield, Kenosha, Madison, Milwaukee, Mount Pleasant, Prairie du Sac, Sheboygan, West Bend",238,9/25/2020,"CL, AW, LS",10/31/2020,Offices of Physicians exc Mental Health,"Dane, Kenosha, Milwaukee, Outagamie, Racine, Sauk, Washington","Bay Area, Milwaukee, South Central, Southeast, WOW"
Helgesen,Hartford,102,8/3/2020,WR,09/30/2020,Misc Fabricated Metal Product Mfg,Washington,WOW
Northern Engraving Corporation,Holmen,61,8/4/2020,WR,07/31/2020,All Other Plastics Product Mfg.,La Crosse,Western
"Stellar Mold & Tool, Inc.",Galesville,22,8/5/2020,CL,08/03/2020,Ind Mold Mfg,Trempealeau,Western
Wacker Neuson,Menomonee Falls,186,8/7/2020,WR,03/23/2020,Construction Machinery Mfg,Waukesha,WOW
Courier Distribution Systems,Sussex,98,8/11/2020,WR,10/02/2020,Couriers & Express Delivery Services,Waukesha,WOW
Phillips Medisize,Eau Claire,98,8/12/2020,CL,10/15/2020,Surgical & Medical Instrument Mfg,Eau Claire,West Central
Aramark at the Fluno Center,Madison,60,8/17/2020,WR,08/31/2020,Food Service Contractors,Dane,South Central
Aramark at the Fluno Center - Revision 1,Madison,71,8/21/2020,AW,08/31/2020,Food Service Contractors,Dane,South Central
Pereles Brothers Inc.,Milwaukee,49,8/18/2020,CL,10/01/2020,All Other Plastics Product Mfg.,Milwaukee,Milwaukee
Sentry Services,Stevens Point,112,8/19/2020,CL,04/19/2020,Direct Property & Casualty Insurers,Portage,North Central
APL Logistics Warehouse Management Services,Pleasant Prairie,86,8/27/2020,CL,10/31/2020,General Warehouse & Storage,Kenosha,Southeast
"Avis Budget Car Rental, LLC","La Crosse, Milwaukee",10,8/28/2020,WR,04/01/2020,Passenger Car Rental,"La Crosse, Milwaukee","Western, Milwaukee"
Fresh Thyme,Menomonee Falls,56,8/31/2020,CL,09/17/2020,Supermarkets & Other Grocery Stores,Waukesha,WOW
Kimpton Journeyman Hotel,Milwaukee,97,7/1/2020,WR,03/15/2020,Hotels & Motels exc Casino Hotels,Milwaukee,Milwaukee
Hilton Garden Inn - Milwaukee Airport,Milwaukee,48,7/2/2020,WR,06/30/2020,Hotels & Motels exc Casino Hotels,Milwaukee,Milwaukee
Home2 Suites,Milwaukee,16,7/2/2020,WR,06/30/2020,Hotels & Motels exc Casino Hotels,Milwaukee,Milwaukee
SpringHill Suites,Madison,37,7/2/2020,WR,06/30/2020,Hotels & Motels exc Casino Hotels,Dane,South Central
Hampton Inn and Suites,Madison,45,7/2/2020,WR,06/30/2020,Hotels & Motels exc Casino Hotels,Dane,South Central
SpringHill Suites Milwaukee,Milwaukee,20,7/2/2020,WR,04/03/2020,Hotels & Motels exc Casino Hotels,Milwaukee,Milwaukee
Westin Milwaukee,Milwaukee,78,7/2/2020,WR,03/20/2020,Hotels & Motels exc Casino Hotels,Milwaukee,Milwaukee
Westin Milwaukee - Revision 1,Milwaukee,14,8/28/2020,"AW, LS",08/31/2020,Hotels & Motels exc Casino Hotels,Milwaukee,Milwaukee
Marriott Milwaukee Downtown,Milwaukee,56,7/2/2020,WR,04/03/2020,Hotels & Motels exc Casino Hotels,Milwaukee,Milwaukee
Marriot Milwaukee Downtown - Revision 1,Milwaukee,25,8/28/2020,"AW, LS",08/31/2020,Hotels & Motels exc Casino Hotels,Milwaukee,Milwaukee
Delaware North Companies Inc.,"Milwaukee, Green Bay",1303,7/3/2020,WR,03/01/2020,Full-service restaurants,"Milwaukee, Brown","Milwaukee, Bay Area"
Rev Group Inc,"Brookfield, Milwaukee",43,7/9/2020,WR,09/21/2020,Managing Offices,Milwaukee,Milwaukee
Cintas Corporation,Menomonee Falls,92,7/13/2020,CL,07/02/2020,Ind Launderers,Waukesha,WOW
The Madison Consourse Hotel,Madison,114,7/16/2020,WR,09/13/2020,Hotels & Motels exc Casino Hotels,Dane,South Central
Forest County Potawatomi Community,"Milwaukee, Wabeno, Crandon",1835,7/17/2020,WR,03/17/2020,Tribal Gov,"Milwaukee, Forest","Milwaukee, North Central"
United Alloy Inc,Janesville,108,7/20/2020,WR,07/17/2020,Metal Tank Heavy Gauge Mfg,Rock,Southwest
North Central Staffing,Middleton,71,7/23/2020,WR,03/14/2020,Hotels & Motels exc Casino Hotels,Dane,South Central
North Central Staffing,Madison,75,7/23/2020,WR,3/14/2020,Hotels & Motels exc Casino Hotels,Dane,South Central
North Shore Healthcare,Shawano,44,7/27/2020,CL,10/25/2020,Nursing Care Facilities (Skilled Nursing),Shawano,Bay Area
Air Wisconsin Airlines,"Milwaukee, Appleton",361,7/29/2020,WR,10/01/2020,Scheduled Passenger Air Trans,"Milwaukee, Outagamie","Milwaukee, Bay Area"
Renaissance Manufacturing Group,Waukesha,120,6/1/2020,CL,07/31/2020,Iron Foundries,Waukesha,WOW
Union Cab of Madison Cooperative,Madison,126,6/1/2020,WR,03/22/2020,Taxi Service,Dane,South Central
Humane Manufacturing LLC,Baraboo,21,6/1/2020,CL,07/31/2020,Resilient Floor Covering Mfg.,Sauk,South Central
PMI Entertainment Group Inc.,Green Bay,31,6/4/2020,WR,07/01/2020,Promoters With Facilities,Brown,Bay Area
Astec Industries Inc and Telsmith Inc,Mequon,135,6/8/2020,CL,08/14/2020,Construction Machinery Mfg,Ozaukee,WOW
Verso Corporation,Wisconsin Rapids,902,6/10/2020,CL,07/31/2020,Paper exc Newsprint Mills,Wood,North Central
Nova Wildcat Shur-Line LLC,St. Francis,93,6/12/2020,CL,08/14/2020,Broom Brush & Mop Mfg,Milwaukee,Milwaukee
Nova Wildcat Shur-Line LLC - Revision 1,St. Francis,93,7/20/2020,LS,09/18/2020,Broom Brush & Mop Mfg,Milwaukee,Milwaukee
Nova Wildcat Shur-Line LLC - Revision 2,St. Francis,78,8/31/2020,CL,09/04/2020,Broom Brush & Mop Mfg,Milwaukee,Milwaukee
Nova Wildcat Shur-Line LLC - Revision 3,St. Francis,57,9/21/2020,"AW, LS",10/16/2020,Broom Brush & Mop Mfg,Milwaukee,Milwaukee
Nova Wildcat Shur-Line LLC - Revision 4,St. Francis,57,10/5/2020,LS,10/23/2020,Broom Brush & Mop Mfg,Milwaukee,Milwaukee
Nova Wildcat Shur-Line LLC - Revision 5,St. Francis,57,11/2/2020,LS,10/23/2020,Broom Brush & Mop Mfg,Milwaukee,Milwaukee
Nova Wildcat Shur-Line LLC - Revision 6,St. Francis,32,11/30/2020,"LS, AW",12/04/2020,Broom Brush & Mop Mfg,Milwaukee,Milwaukee
Nova Wildcat Shur-Line LLC - Revision 7,St. Francis,32,12/21/2020,LS,12/04/2020,Broom Brush & Mop Mfg,Milwaukee,Milwaukee
Nova Wildcat Shur-Line LLC - Revision 8,St. Francis,14,2/1/2021,"LS, AW",2/12/2021,Broom Brush & Mop Mfg,Milwaukee,Milwaukee
Nova Wildcat Shur-Line LLC - Revision 9,St. Francis,4,3/4/2021,"LS, AW",3/3/2021,Broom Brush & Mop Mfg,Milwaukee,Milwaukee
Derse Inc.,Milwaukee,87,6/12/2020,WR,06/11/2020,Sign Mfg.,Milwaukee,Milwaukee
Hyatt Corporation,Green Bay,42,6/15/2020,WR,03/22/2020,Hotels & Motels exc Casino Hotels,Brown,Bay Area
Hyatt Corporation - Revision 1,Green Bay,42,9/8/2020,LS,06/12/2020,Hotels & Motels exc Casino Hotels,Brown,Bay Area
Catalytic Combustion,Bloomer,26,6/15/2020,WR,06/07/2020,Air Purification Equip Mfg,Chippewa,West Central
Novares Americas Engine Components Inc,Richland Center,74,6/17/2020,CL,08/17/2020,All Other Plastics Product Mfg.,Richland,Southwest
American Phoenix,Eau Claire,46,6/19/2020,WR,06/19/2020,All Other Rubber Product Mfg,Eau Claire,West Central
"Graceland Fruit Wisconsin, Inc.",Warrens,65,6/23/2020,CL,06/18/2020,Dried & Dehydrated Food Mfg,Monroe,Western
"Demco, Inc.","Madison, Deforest",38,6/25/2020,WR,08/03/2020,Office Supplies Merch Whls,Dane,South Central
Levy Premium Food Service at Fiserv Forum,Milwaukee,47,6/25/2020,WR,08/01/2020,Food Service Contractors,Milwaukee,Milwaukee
Levy Premium Food Service at Wisconsin Center District,Milwaukee,25,6/25/2020,WR,08/01/2020,Food Service Contractors,Milwaukee,Milwaukee
ALG Vacations,Milwaukee,149,6/25/2020,WR,07/01/2020,Tour Operators,Milwaukee,Milwaukee
ALG Vacations - Revision 1,Milwaukee,151,7/7/2020,"AW, LS",07/01/2020,Tour Operators,Milwaukee,Milwaukee
Hilton Madison Monona Terrace,Madison,40,6/25/2020,WR,07/31/2020,Hotels & Motels exc Casino Hotels,Dane,South Central
Hilton Madison Monona Terrace - Revision 1,Madison,49,8/5/2020,AW,07/31/2020,Hotels & Motels exc Casino Hotels,Dane,South Central
Hilton Madison Monona Terrace - Revision 2,Madison,56,9/30/2020,AW,07/31/2020,Hotels & Motels exc Casino Hotels,Dane,South Central
Hilton Milwaukee City Center,Milwaukee,211,6/25/2020,WR,07/31/2020,Hotels & Motels exc Casino Hotels,Milwaukee,Milwaukee
Hilton Milwaukee City Center - Revision 1,Milwaukee,217,8/6/2020,AW,08/31/2020,Hotels & Motels exc Casino Hotels,Milwaukee,Milwaukee
The Pfister Hotel,Milwaukee,89,6/25/2020,WR,07/31/2020,Hotels & Motels exc Casino Hotels,Milwaukee,Milwaukee
Pfister Hotel - Revision 1,Milwaukee,128,8/6/2020,AW,08/31/2020,Hotels & Motels exc Casino Hotels,Milwaukee,Milwaukee
Saint Kate - The Arts Hotel,Milwaukee,42,6/25/2020,WR,07/31/2020,Hotels & Motels exc Casino Hotels,Milwaukee,Milwaukee
Saint Kate - Revision 1,Milwaukee,111,8/6/2020,AW,08/31/2020,Hotels & Motels exc Casino Hotels,Milwaukee,Milwaukee
SafeHouse Milwaukee,Milwaukee,1,6/25/2020,WR,07/31/2020,Hotels & Motels exc Casino Hotels,Milwaukee,Milwaukee
Safehouse Milwaukee - Revision 1,Milwaukee,42,6/30/2020,AW,7/31/2020,Hotels & Motels exc Casino Hotels,Milwaukee,Milwaukee
Safehouse Milwaukee - Revision 2,Milwaukee,52,8/6/2020,AW,08/31/2020,Hotels & Motels exc Casino Hotels,Milwaukee,Milwaukee
Wisconsin Hospitality Linen Service,Milwaukee,1,6/25/2020,WR,07/31/2020,Linen Supply,Milwaukee,Milwaukee
Marcus Hotels,Milwaukee,13,6/25/2020,WR,07/31/2020,Hotels & Motels exc Casino Hotels,Milwaukee,Milwaukee
Grand Geneva Resort & Spa,Lake Geneva,23,6/26/2020,WR,07/31/2020,Hotels & Motels exc Casino Hotels,Walworth,Southeast
Grand Geneva Resort & Spa - Revision 1,Lake Geneva,60,8/5/2020,AW,08/31/2020,Hotels & Motels exc Casino Hotels,Walworth,Southeast
Grand Geneva Resort & Spa - Revision 2,Lake Geneva,71,9/14/2020,"AW, LS",09/30/2020,Hotels & Motels exc Casino Hotels,Walworth,Southeast
Timber Ridge Lodge & Waterpark,Lake Geneva,5,6/26/2020,WR,07/31/2020,Hotels & Motels exc Casino Hotels,Walworth,Southeast
Briggs & Stratton,Wauwatosa,228,6/26/2020,WR,08/28/2020,Motor & Generator Mfg,Milwaukee,Milwaukee
Briggs & Stratton - Revision 1,Wauwatosa,184,8/14/2020,"LS, AW",9/25/2020,Motor & Generator Mfg,Milwaukee,Milwaukee
Adecco USA Inc.,Wauwatosa,120,6/29/2020,WR,08/28/2020,Motor & Generator Mfg,Milwaukee,Milwaukee
GE Healthcare,Wauwatosa,123,6/30/2020,WR,08/31/2020,Medical Equip Merch Whls,Milwaukee,Milwaukee
Covia Corp.,Tomah,32,5/4/2020,WR,05/04/2020,Ind Sand Mining,Monroe,Western
Holy Family College,Manitowoc,110,5/6/2020,CL,05/06/2020,Colleges & Universities,Manitowoc,Bay Area
Badger Mining Corporation,Taylor,38,5/14/2020,WR,05/14/2020,Ind Sand Mining,Jackson,Western
Atrium Hospitality,Middleton,125,5/18/2020,WR,03/12/2020,Hotels & Motels exc Casino Hotels,Dane,South Central
Foremost Farms USA,Chilton,50,5/18/2020,CL,07/17/2020,Cheese Mfg,Calumet,Fox Valley
"Wigwam Mills, Inc.",Sheboygan,121,5/22/2020,WR,06/01/2020,Other Hosiery & Sock Mills,Sheboygan,Bay Area
Documation LLC,Eau Claire,28,5/26/2020,WR,06/09/2020,Commercial Gravure Printing,Eau Claire,West Central
BRP US,Sturtevant,387,5/27/2020,WR,05/27/2020,Other Engine Equip Mfg,Racine,Southeast
BRP US - Revision 1,Sturtevant,363,5/27/2020,AW,05/27/2020,Other Engine Equip Mfg,Racine,Southeast
Alkar-Rapid Pak Inc.,Lodi,25,5/28/2020,WR,05/18/2020,Food Product Machinery Mfg,Columbia,South Central
AJLS Enterprises Inc.,Madison,56,4/2/2020,WR,04/03/2020,Ice Cream & Frozen Dessert Mfg,Dane,South Central
PlayMonster LLC,Beloit,31,4/2/2020,WR,04/06/2020,"Doll, Toy, & Game Mfg",Rock,Southwest
Bartaco,Madison,67,4/2/2020,CL,03/21/2020,Full-service restaurants,Dane,South Central
"Chandler Exhibits, Inc.",Hudson,34,4/2/2020,CL,03/25/2020,Other Specialized Design Services,St. Croix,West Central
Bernick's,"Dresser, Superior",25,4/3/2020,WR,04/01/2020,Other Grocery Product Merch Whls,"Polk, Douglas","West Central, Northwest"
Caleres Inc,Port Washington,213,4/3/2020,CL,03/20/2020,Footwear Merch Whls,Ozaukee,WOW
Caleres/Woodlore Manufacturing,Port Washington,28,4/3/2020,CL,03/20/2020,Misc Wood Product Mfg,Ozaukee,WOW
Gray & Associates,New Berlin,28,4/3/2020,WR,04/03/2020,Offices of Lawyers,Waukesha,WOW
La Crosse Area Family YMCA,"La Crosse, Onalaska",562,4/3/2020,WR,03/18/2020,Civic & Social Organizations,La Crosse,Western
eImprovement LLC,Pleasant Prairie,60,4/3/2020,CL,04/30/2020,Electronic Shopping and Mail-Order Houses,Kenosha,Southeast
PC/Nametag Inc.,Verona,46,4/3/2020,WR,04/06/2020,Electronic Shopping and Mail-Order Houses,Dane,South Central
PC/Nametag Inc. - Revision 1,Verona,33,7/31/2020,AW,04/06/2020,Electronic Shopping and Mail-Order Houses,Dane,South Central
PC/Nametag Inc. - Revision 2,Verona,33,8/3/2020,LS,04/06/2020,Electronic Shopping and Mail-Order Houses,Dane,South Central
Spectra Food Services and Hospitality,Baraboo,172,4/6/2020,CL,03/26/2020,Food Service Contractors,Sauk,South Central
Spectra Food Services and Hospitality - Revision 1,"Baraboo, Black River Falls, Wittenberg",274,6/22/2020,"LS, AW",3/26/2020,Food Service Contractors,"Jackson, Sauk, Shawano","Western, South Central, Bay Area"
Chapter 2 Inc.,Lake Mills,26,4/6/2020,WR,04/03/2020,Special Tool Die Jig & Fixture Mfg,Jefferson,South Central
"Van's Supply & Equipment, Inc.",Green Bay,37,4/6/2020,WR,03/29/2020,New Car Dealers,Brown,Bay Area
YMCA of Greater Waukesha County,"Waukesha, Menomonee Falls, Greenfield, Wauwatosa, New Berlin, Mukwonago",1100,4/6/2020,CL,03/17/2020,Civic & Social Organizations,"Waukesha, Milwaukee","WOW, Milwaukee"
YMCA of Dodge County,Beaver Dam,89,4/6/2020,WR,03/16/2020,Civic & Social Organizations,Dodge,South Central
Uncle Julio's,Brookfield,93,4/6/2020,CL,03/19/2020,Full-service restaurants,Waukesha,WOW
Woodson YMCA,Wausau,300,4/6/2020,CL,03/17/2020,Fitness & Recreational Sports Centers,Marathon,North Central
Geneva Lakes Family YMCA,Lake Geneva,117,4/6/2020,WR,03/17/2020,Civic & Social Organizations,Walworth,Southeast
"Hobby Lobby Stores, Inc.","Appleton, Brookfield, Eau Claire, Franklin, Green Bay, Janesville, Kenosha, Madison, Manitowoc, Menomonee Falls, Monona, Onalaska, Oshkosh, Racine, Rhinelander, Rice Lake, Waukesha, Wausau, Wauwatosa, West Allis, West Bend",639,4/6/2020,CL,03/25/2020,Hobby Toy & Game Stores,"Barron, Brown, Dane, Eau Claire, Kenosha, La Crosse, Manitowoc, Marathon, Milwaukee, Oneida, Outagamie, Racine, Rock, Washington, Winnebago","Bay Area, Fox Valley, Milwaukee, North Central, South Central, Southeast, Southwest, WOW, West Central, Western"
Greater Green Bay YMCA,"Green Bay, Brussels, Suring",829,4/6/2020,WR,03/15/2020,Civic & Social Organizations,"Brown, Oconto, Door",Bay Area
Manitowoc-Two Rivers YMCA,Manitowoc,219,4/7/2020,CL,04/06/2020,Civic & Social Organizations,Manitowoc,Bay Area
Advanced Pain Management,Greenfield,50,4/7/2020,WR,05/01/2020,Offices of Physicians exc Mental Health,Milwaukee,Milwaukee
Advanced Pain Management - Revision 1,Greenfield,50,5/14/2020,LS,05/01/2020,Offices of Physicians exc Mental Health,Milwaukee,Milwaukee
Advanced Pain Management - Revision 2,Greenfield,56,6/5/2020,AW,05/01/2020,Offices of Physicians exc Mental Health,Milwaukee,Milwaukee
Advanced Pain Management - Revision 3,Greenfield,59,7/28/2020,"AW, LS",09/25/2020,Offices of Physicians exc Mental Health,Milwaukee,Milwaukee
Advanced Pain Management LLC - Revision 4,"Appleton, Greenfield, Kenosha, Madison, Milwaukee, Mount Pleasant, Prairie du Sac, Sheboygan, West Bend",238,9/25/2020,"CL, AW, LS",10/31/2020,Offices of Physicians exc Mental Health,"Dane, Kenosha, Milwaukee, Outagamie, Racine, Sauk, Washington","Bay Area, Milwaukee, South Central, Southeast, WOW"
YMCA of the Chippewa Valley,"Chippewa Falls, Eau Claire, New Auburn",557,4/7/2020,CL,03/19/2020,Civic & Social Organizations,"Chippewa, Eau Claire",West Central
Pace Industries,Grafton,381,4/8/2020,WR,03/20/2020,Aluminum Die Casting Foundries,Ozaukee,WOW
Abercrombie & Fitch,"Appleton, La Crosse, Wauwatosa",123,4/8/2020,CL,04/12/2020,Family Clothing Stores,"La Crosse, Milwaukee, Outagamie","Bay Area, Milwaukee, Western"
Abercrombie & Fitch - Revision 1,La Crosse,28,6/26/2020,LS,07/04/2020,Family Clothing Stores,La Crosse,Western
Prospect International Airport Services Corp.,Milwaukee,48,4/8/2020,WR,04/22/2020,Other Airport Operations,Milwaukee,Milwaukee
American Greetings,Statewide,153,4/8/2020,WR,03/23/2020,All Other Support Services,Statewide,Statewide
Tetra PAK Processing Equipment Inc.,Windsor,39,4/9/2020,CL,07/03/2020,Food Product Machinery Mfg,Dane,South Central
Meetings and Incentives Worldwide Inc,Caledonia,15,4/9/2020,WR,03/05/2020,Convention & Trade Show Organizers,Racine,Southeast
Meetings and Incentives Worldwide Inc. - Revision 1,Caledonia,36,9/1/2020,AW,03/05/2020,Convention & Trade Show Organizers,Racine,Southeast
Server Products Inc,Richfield,53,4/9/2020,WR,03/30/2020,Other Com & Service Ind Machinery Mfg,Washington,WOW
Glacial Community YMCA,"Oconomowoc, Watertown",542,4/9/2020,WR,03/16/2020,Civic & Social Organizations,"Waukesha, Dodge","WOW, South Central"
Patientpop,Menasha,1,4/10/2020,WR,03/27/2020,Marketing Consulting Services,Winnebago,Fox Valley
"Hooters of America, LLC","Madison, Brookfield",61,4/10/2020,WR,03/16/2020,Full-service restaurants,"Dane, Waukesha","South Central, WOW"
Scholastic,Milwaukee,53,4/13/2020,WR,03/18/2020,Book & Periodical Merch Whls,Milwaukee,Milwaukee
Safran Aerosystems Services Americas LLC,Menomonee Falls,29,4/13/2020,WR,04/14/2020,Other Elect Equip Repair,Waukesha,WOW
Nordstrom Inc.,"Madison, Wauwatosa",218,4/14/2020,WR,04/05/2020,Deparment Stores,"Dane, Milwaukee","South Central, Milwaukee"
YMCA of Northern Rock County,"Janesville, Milton",142,4/14/2020,WR,03/27/2020,Civic & Social Organizations,Rock,Southwest
"Bars & Recreation, Inc.",Milwaukeee,38,4/14/2020,WR,03/30/2020,Drinking Places Alcoholic Beverages,Milwaukee,Milwaukee
LSC Communications,Baraboo,393,4/15/2020,WR,04/20/2020,Commercial Gravure Printing,Sauk,South Central
LSC Communications - Revision 1,Baraboo,393,6/24/2020,LS,08/24/2020,Commercial Gravure Printing,Sauk,South Central
Ashley Furniture Industries Inc.,Whitehall,70,4/16/2020,WR,04/16/2020,Upholstered Household Furn Mfg,Trempealeau,Western
Milwaukee Center for Independence,Milwaukee,128,4/17/2020,WR,04/30/2020,Other Individual & Family Services,Milwaukee,Milwaukee
The Finish Line,"Green Bay, Greendale, Janesville, Johnson Creek, Madison, Racine, Wauwatosa",131,4/17/2020,WR,04/12/2020,Shoe Stores,"Brown, Dane, Jefferson, Milwaukee, Racine, Rock","Bay Area, Milwaukee, South Central, Southeast, Southwest"
The Finish Line Macy's,Wauwatosa,3,4/17/2020,WR,04/02/2020,Shoe Stores,Milwaukee,Milwaukee
Baker Manufacturing Company LLC,Evansville,49,4/17/2020,WR,04/20/2020,Other Com & Service Ind Machinery Mfg,Rock,Southwest
Goodwill,"Ashland, Superior",20,4/20/2020,WR,04/16/2020,Used Merchandise Stores,"Ashland, Douglas",Northwest
YMCA of the Fox Cities,"Appleton, Greenville, Kimberly, Neenah",1546,4/20/2020,WR,03/16/2020,Civic & Social Organizations,"Outagamie, Winnebago","Bay Area, Fox Valley"
Emmi Roth,Seymour,32,4/21/2020,WR,04/13/2020,Cheese Mfg,Outagamie,Bay Area
Great Lakes Specialty Finance Inc.,"Wautoma, Portage, Delevan, Milwaukee, Sheboygan, Madison, Appleton, Fond du Lac, Beloit, Janesville, West Bend, Green Bay, Eau Claire, Wausau, Marinette, Hudson, Racine, Marshfield, Superior, Shawano",28,4/21/2020,WR,05/01/2020,Consumer Lending,"Waushara, Columbia, Walworth, Milwaukee, Sheboygan, Dane, Outagamie, Fond du Lac, Rock, Washington, Brown, Eau Claire, Marathon, Marinette, St. Croix, Racine, Shawano","Southeast, Milwaukee, WOW, Fox Valley, Bay Area, North Central, Northwest, West Central, South Central, Southwest"
Hutchinson Technology Inc.,Eau Claire,110,4/21/2020,WR,05/28/2020,Computer Storage Device Mfg,Eau Claire,West Central
Visionworks,"Kenosha, Milwaukee, Shorewood, West Allis, Wauwatosa, Greendale, Mequon, West Bend, Brookfield, Waukesha, Oconomowoc, Menomonee Falls, Eau Claire, La Crosse",97,4/22/2020,CL,04/05/2020,Optical Goods Stores,"Eau Claire, Kenosha, La Crosse, Milwaukee, Ozaukee, Washington, Waukesha","Southeast, Milwaukee, WOW, West Central, Western"
Marquis Yachts,Pulaski,117,4/23/2020,WR,06/26/2020,Boat Bldg,Brown,Bay Area
Marquis Yachts - Revision 1,Pulaski,106,7/20/2020,"AW, LS",07/17/2020,Boat Bldg,Brown,Bay Area
Marquis Yachts - Revision 2,Pulaski,57,8/27/2020,"AW, LS",9/11/2020,Boat Bldg,Brown,Bay Area
Marquis Yachts - Revision 3,Pulaski,77,3/8/2021,"AW, LS",5/7/2021,Boat Bldg,Brown,Bay Area
Van Galder Bus / Coach USA,Janesville,258,4/23/2020,WR,03/14/2020,Interurban & Rural Bus Trans,Rock,Southwest
Hi-Crush Services,Whitehall,35,4/23/2020,WR,03/30/2020,Ind Sand Mining,Trempealeau,Western
Hi-Crush Services,Taylor,32,4/23/2020,WR,03/30/2020,Ind Sand Mining,Trempealeau,Western
Bed Bath & Beyond Inc.,Brookfield,55,4/24/2020,WR,04/04/2020,All Other Home Furnishings Stores,Waukesha,WOW
Metals USA Carbon Flat Rolled Inc,Horicon,10,4/27/2020,WR,04/23/2020,Metal Merch Whls,Dodge,South Central
Global Finishing Solutions,Osseo,94,4/27/2020,WR,04/28/2020,Sheet Metal Work Mfg,Trempealeau,Western
Global Finishing Solutions - Revision 1,Osseo,61,8/12/2020,AW,08/28/2020,Sheet Metal Work Mfg,Trempealeau,Western
Smart Sand Inc.,Tomah,55,4/28/2020,WR,05/01/2020,Ind Sand Mining,Monroe,Western
The Hertz Corporation,Milwaukee,38,4/28/2020,WR,04/14/2020,Passenger Car Rental,Milwaukee,Milwaukee
Footlocker.com/Eastbay,Wausau,1,4/28/2020,WR,04/26/2020,Managing Offices,Marathon,North Central
Footlocker.com/Eastbay - Revision 1,Wausau,187,5/14/2020,"AW, LS",07/15/2020,Managing Offices,Marathon,North Central
Footlocker.com/Eastbay - Revision 2,Wausau,179,5/15/2020,AW,07/15/2020,Managing Offices,Marathon,North Central
Foot Locker,"Appleton, Brookfield, Glendale, Green Bay, Greendale, La Crosse, Madison, Milwaukee, Racine, Wauwatosa",261,4/28/2020,WR,04/26/2020,Shoe Stores,"Brown, Dane, La Crosse, Milwaukee, Outagamie, Racine, Waukesha","Bay Area, Milwaukee County, South Central, Southeast, WOW, Western"
Eastbay Retail Store,Wausau,21,4/28/2020,WR,04/26/2020,Shoe Stores,Marathon,North Central
Enterprise Holdings,"Waukesha, Oak Creek, Milwaukee",260,4/29/2020,WR,03/23/2020,Passenger Car Rental,"Waukesha, Milwaukee","Milwaukee, WOW"
Sheraton Milwaukee Brookfield Hotel,Brookfield,101,4/30/2020,WR,03/27/2020,Hotels & Motels exc Casino Hotels,Waukesha,WOW
Bluegreen Vacations,Wisconsin Dells,242,4/30/2020,WR,03/27/2020,Lessors of Residentials Bldgs,Sauk,South Central
Knueppel Healthcare Services Inc.,West Allis,44,3/2/2020,CL,04/30/2020,Food Health Supplement Stores,Milwaukee,Milwaukee
"Everbrite, LLC",Milwaukee,116,3/4/2020,CL,04/27/2020,Sign Mfg.,Milwaukee,Milwaukee
Hutchinson Technology Inc.,Eau Claire,112,3/18/2020,WR,05/16/2020,Computer Storage Device Mfg,Eau Claire,West Central
Punch Bowl Social,Milwaukee,91,3/19/2020,WR,03/16/2020,Full-Service Restaurants,Milwaukee,Milwaukee
"Sub-Zero Group, Inc.",Fitchburg,1043,3/20/2020,CL,03/22/2020,Major Household Appliance Manufacturing,Dane,South Central
"Sub-Zero Group, Inc. - Revision 1",Fitchburg,1046,3/20/2020,AW,03/22/2020,Major Household Appliance Manufacturing,Dane,South Central
Sub-Zero Group Inc. - Revision 2,Madison,1053,4/7/2020,"AW, LS",03/22/2020,Major Household Appliance Manufacturing,Dane,South Central
Sub-Zero Group Inc. - Revision 3,Madison,1113,4/13/2020,AW,03/22/2020,Major Household Appliance Manufacturing,Dane,South Central
Sub-Zero Group Inc. - Revision 4,Madison,1097,4/17/2020,"AW, LS",03/22/2020,Major Household Appliance Manufacturing,Dane,South Central
Tower Clock Eye Center,"Green Bay, Manitowoc, Oconto, Shawano",75,3/20/2020,CL,05/18/2020,Offices of Physicians exc Mental Health,"Brown, Manitowoc, Oconto, Shawano",Bay Area
Holiday Inn Convention Center Stevens Point,Stevens Point,143,3/23/2020,WR,03/21/2020,Hotels & Motels exc Casino Hotels,Portage,North Central
Visual Impressions Inc,Milwaukee,41,3/23/2020,WR,03/20/2020,Commercial Screen Printing,Milwaukee,Milwaukee
"Big Dot of Happiness, LLC",Menomonie,57,3/23/2020,WR,03/18/2020,Electronic Shipping and Mail Order Houses,Dunn,West Central
Stroh Die Cast LLC,Mauston,71,3/23/2020,CL,05/16/2020,Nonferrous Mtl Die-Casting Foundries,Juneau,Western
Wisconsin Central School Bus,Milwaukee,90,3/23/2020,WR,03/16/2020,School & Employee Bus Trans,Milwaukee,Milwaukee
Wisconsin Central School Bus,New Richmond,48,3/23/2020,WR,03/16/2020,School & Employee Bus Trans,St. Croix,West Central
Clearwing Production Inc.,Milwaukee,25,3/23/2020,WR,03/16/2020,Independent Artists Writers & Performers,Milwaukee,Milwaukee
Hyatt Regency Milwaukee,Milwaukee,112,3/23/2020,WR,03/16/2020,Hotels & Motels exc Casino Hotels,Milwaukee,Milwaukee
Mickeys Linen and Towel Supply Inc,Milwaukee,48,3/23/2020,WR,03/18/2020,Linen Supply,Milwaukee,Milwaukee
Black Shoe Hospitality,Milwaukee,155,3/23/2020,WR,03/16/2020,Commercial Bakeries/Full Service Restaurants,Milwaukee,Milwaukee
Eddie Martini's Enterprises,Wauwatosa,30,3/23/2020,WR,03/17/2020,Full-Service Restaurants,Milwaukee,Milwaukee
Park Hotel Inc.,Madison,120,3/23/2020,CL,03/22/2020,Hotels & Motels exc Casino Hotels,Dane,South Central
HMS Host Corporation,Milwaukee,120,3/24/2020,WR,03/20/2020,Limited-service restaurants,Milwaukee,Milwaukee
HMS Host Corporation - Revision 1,Milwaukee,112,8/13/2020,AW,03/30/2020,Limited-service restaurants,Milwaukee,Milwaukee
Holiday Inn & Suites Wausau Rothschild,Rothschild,60,3/24/2020,WR,03/24/2020,Hotels & Motels exc Casino Hotels,Marathon,North Central
Holiday Inn & Suites Wausau Rothschild - Revision 1,,81,5/22/2020,AW,03/24/2020,Hotels & Motels exc Casino Hotels,Marathon,North Central
The Edgewater Management Company,Madison,202,3/25/2020,WR,03/18/2020,Hotels & Motels exc Casino Hotels,Dane,South Central
The Edgewater Management Company - Revision 1,Madison,215,4/13/2020,AW,03/18/2020,Hotels & Motels exc Casino Hotels,Dane,South Central
Hospitality Democracy LLC,Milwaukee,234,3/25/2020,CL,03/16/2020,Full-Service Restaurants,Milwaukee,Milwaukee
Kettle Moraine YMCA,"West Bend, Port Washington",700,3/25/2020,CL,03/17/2020,Civic & Social Organizations,Washington,WOW
Take 5 Oil Change,"Baraboo, Bellevue, Brookfield, Brown Deer, Cedarburg, Crivitz, De Pere, Fitchburg, Glendale, Green Bay, Hales Corner, Hartford, Kenosha, Merrill, Milwaukee, Mukwonago, New Berlin, New London, Oak Creek, Racine, Reedsburg, Sheboygan, Sun Prairie, Waukesha, Wauwatosa, West Allis, Wisconsin Rapids",140,3/25/2020,WR,03/22/2020,Automotive Oil Change & Lubrication Shops,"Brown, Dane, Dodge, Kenosha, Lincoln, Marinette, Milwaukee, Ozaukee, Racine, Sauk, Sheboygan, Waukesha, Waupaca, Wood","Bay Area, Fox Valley, Milwaukee, North Central, Southeast, South Central, WOW"
Schroeder Moving Systems,New Berlin,29,3/26/2020,WR,03/30/2020,Used Household & Office Goods Moving,Waukesha,WOW
MicroStar Quality Services,Green Bay,44,3/26/2020,WR,03/27/2020,All Other Consumer Goods Rental,Brown,Bay Area
Altitude Trampoline Park,Appleton,67,3/26/2020,WR,03/17/2020,All Other Amusement & Recreation Ind,Outagamie,Bay Area
Catering A Fresco,Madison,68,3/26/2020,CL,03/17/2020,Caterers,Dane,South Central
Tex Tubb's Taco Place,Madison,43,3/26/2020,WR,03/17/2020,Full-Service Restaurants,Dane,South Central
Johnny Delmonico's,Madison,34,3/26/2020,CL,03/17/2020,Full-Service Restaurants,Dane,South Central
Johnny Delmonico's - Revision 1,Madison,55,10/7/2020,AW,10/30/2020,Full-Service Restaurants,Dane,South Central
Discovery Culinary Collaborative LLC,Madison,55,3/26/2020,CL,03/17/2020,Full-Service Restaurants,Dane,South Central
Avenue Club,Madison,49,3/26/2020,WR,03/17/2020,Full-Service Restaurants,Dane,South Central
Avenue Club - Revision 1,Madison,80,10/7/2020,AW,10/30/2020,Full-Service Restaurants,Dane,South Central
Eldorado Grill,Madison,47,3/26/2020,WR,03/17/2020,Full-Service Restaurants,Dane,South Central
Luigi's Pizzeria,Madison,34,3/26/2020,WR,03/17/2020,Full-Service Restaurants,Dane,South Central
DLUX,Madison,49,3/26/2020,WR,03/17/2020,Full-Service Restaurants,Dane,South Central
Canteen,Madison,42,3/26/2020,CL,03/17/2020,Full-Service Restaurants,Dane,South Central
Bar Corallini,Madison,27,3/26/2020,WR,03/17/2020,Full-Service Restaurants,Dane,South Central
Monty's Blue Plate Diner,Madison,54,3/26/2020,WR,03/17/2020,Full-Service Restaurants,Dane,South Central
Market Street Diner,Sun Prairie,45,3/26/2020,WR,03/17/2020,Full-Service Restaurants,Dane,South Central
Craftsman Table and Tap,Middleton,49,3/26/2020,CL,03/17/2020,Full-Service Restaurants,Dane,South Central
Bassett Street Brunch Club,Madison,62,3/26/2020,WR,03/17/2020,Full-Service Restaurants,Dane,South Central
Great Lakes Services LLC,Madison,24,3/27/2020,WR,04/03/2020,Hotels & Motels exc Casino Hotels,Dane,South Central
Great Lakes Services LLC,Madison,69,3/27/2020,WR,04/02/2020,Hotels & Motels exc Casino Hotels,Dane,South Central
The Coopers Tavern,Madison,70,3/27/2020,WR,03/17/2020,Full-Service Restaurants,Dane,South Central
Hubbard Avenue Diner,Middleton,65,3/27/2020,WR,03/17/2020,Full-Service Restaurants,Dane,South Central
Cento Restaurant LLC,Madison,78,3/27/2020,WR,03/17/2020,Full-Service Restaurants,Dane,South Central
Everly and Miko Poke,Madison,68,3/27/2020,WR,03/17/2020,Full-Service Restaurants,Dane,South Central
Fresco Restaurant,Madison,43,3/27/2020,WR,03/17/2020,Full-Service Restaurants,Dane,South Central
Fresco Restaurant - Revision 1,Madison,59,10/7/2020,AW,10/14/2020,Full-Service Restaurants,Dane,South Central
Spectra Food Services and Hospitality,Green Bay,49,3/29/2020,CL,03/26/2020,Food Service Contractors,Brown,Bay Area
Spectra Food Services - Revision 1,Green Bay,21,8/28/2020,AW,03/29/2020,Food Service Contractors,Brown,Bay Area
Paper Source,Brookfield,9,3/30/2020,WR,03/29/2020,Office Supplies & Stationery Stores,Waukesha,WOW
Paper Source,Glendale,9,3/30/2020,WR,03/29/2020,Office Supplies & Stationery Stores,Milwaukee,Milwaukee
Paper Source,Madison,13,3/30/2020,WR,03/29/2020,Office Supplies & Stationery Stores,Dane,South Central
Great Lakes Services,Baraboo,247,3/30/2020,WR,03/16/2020,Hotels & Motels exc Casino Hotels,Sauk,South Central
"Schulte Hospitality Group, Inc.",Milwaukee,30,3/30/2020,WR,03/16/2020,Hotels & Motels exc Casino Hotels,Milwaukee,Milwaukee
Collegiate Hotel Group,Madison,63,3/30/2020,WR,03/16/2020,Hotels & Motels exc Casino Hotels,Dane,South Central
"Schwaab, Inc.",Brookfield,42,3/30/2020,WR,03/24/2020,Office Supplies (Exc Paper) Mfg,Waukesha,WOW
Rexnord Industries LLC,Grafton,140,3/30/2020,WR,06/05/2020,Conveyor & Conveying Equip Mfg,Ozaukee,WOW
"Stateline Boys and Girls Clubs, Inc",Beloit,28,3/30/2020,WR,03/30/2020,Civic & Social Organizations,Rock,Southwest
Reynolds Machine Company,New Berlin,36,3/30/2020,WR,03/24/2020,Motor Vehicle Power Train Components Mfg,Waukesha,WOW
Data Dimensions,Janesville,260,3/30/2020,CL,05/29/2020,Description Data Processing Hosting & Related Services,Rock,Southwest
Data Dimensions - Revision 1,Janesville,111,7/27/2020,"LS, AW",07/27/2020,Data Processing Hosting & Related Services,Rock,Southwest
Data Dimensions - Revision 2,Janesville,128,8/20/2020,AW,08/21/2020,Data Processing Hosting & Related Services,Rock,Southwest
Stateline Family YMCA,Beloit,200,3/30/2020,WR,03/16/2020,Civic & Social Organizations,Rock,Southwest
"SSA Group, LLC",Milwaukee,319,3/30/2020,WR,03/29/2020,Limited-service restaurants,Milwaukee,Milwaukee
Delavan Lake Resort,Delavan,11,3/30/2020,CL,03/16/2020,All Other Traveler Accommodation,Walworth,Southeast
Lake Lawn Resort,Delevan,305,3/30/2020,CL,03/16/2020,Hotels & Motels exc Casino Hotels,Walworth,Southeast
YMCA of the Northwoods,Rhinelander,109,3/31/2020,CL,03/17/2020,Civic & Social Organizations,Oneida,North Central
Cinemark USA Inc.,Kenosha,51,3/31/2020,CL,03/26/2020,Motion Picture Theaters exc Drive Ins,Kenosha,Southeast
California Pizza Kitchen,Glendale,36,3/31/2020,CL,03/22/2020,Full-service restaurants,Milwaukee,Milwaukee
FeraDyne Outdoors,Superior,226,3/31/2020,CL,03/25/2020,Sporting & Athletic Goods Mfg,Douglas,Northwest
Stevens Point YMCA,Stevens Point,324,3/31/2020,CL,03/18/2020,Civic & Social Organizations,Portage,North Central
US Bank,Milwaukee,62,2/3/2020,WR,04/06/2020,Commercial Banking,Milwaukee,Milwaukee
Compass Group,Neenah,30,2/3/2020,CL,03/31/2020,Janitorial Services,Winnebago,Fox Valley
"IDEXX Distribution, Inc.",Marshfield,38,2/14/2020,CL,05/01/2020,Veterinary Services,Wood,North Central
"IDEXX Distribution, Inc.",Waukesha,13,2/14/2020,CL,05/01/2020,Veterinary Services,Waukesha,WOW
Riddell Sports Group Inc.,Sun Prairie,109,2/17/2020,CL,04/10/2020,Sporting Goods Stores,Dane,South Central
Bear Down Logistics Central,Sussex,95,2/18/2020,CL,04/13/2020,Local Messengers & Local Delivery,Waukesha,WOW
Black Horse Carriers Inc.,Pewaukee,68,2/24/2020,CL,02/24/2020,General Freight Trucking Long Distance TL,Waukesha,WOW
Black Horse Carriers Inc. - Revision 1,Pewaukee,38,2/27/2020,AW,03/07/2020,General Freight Trucking Long Distance TL,Waukesha,WOW
Cascio Music Co. Inc.,New Berlin,71,2/24/2020,CL,04/20/2020,Musical Instrument & Supplies Stores,Waukesha,WOW
Cascio Music Co. Inc. - Revision 1,New Berlin,71,4/10/2020,LS,05/29/2020,Musical Instrument & Supplies Stores,Waukesha,WOW
Cascio Music Co. Inc. - Revision 2,New Berlin,71,5/26/2020,LS,06/30/2020,Musical Instrument & Supplies Stores,Waukesha,WOW
Cascio Music Co. Inc. - Revision 3,New Berlin,71,7/22/2020,LS,07/17/2020,Musical Instrument & Supplies Stores,Waukesha,WOW
OEMMCCO Inc.,Kenosha,49,1/10/2020,CL,03/31/2020,Machine Shops,Kenosha,Southeast
Eastek Automated Circuit,Menomonee Falls,36,1/28/2020,WR,03/31/2020,Printed Circuit Assembly Mfg,Waukesha,WOW
Marquis Yachts,Pulaski,344,1/30/2020,CL,03/01/2020,Boat Bldg,Brown,Bay Area
FPM Heat Treating,Milwaukee,27,1/30/2020,CL,04/01/2020,Metal Heat Treating,Milwaukee,Milwaukee
Regal Beloit America Inc.,Clinton,59,12/2/2019,CL,01/31/2020,Speed Changer Drive & Gear Mfg,Rock,Southwest
Regal Beloit America Inc. - Revision 1,Clinton,57,01/11/2020,AW,01/31/2020,Speed Changer Drive & Gear Mfg,Rock,Southwest
Regal Beloit America Inc. - Revision 2,Clinton,56,03/13/2020,"AW, LS",01/31/2020,Speed Changer Drive & Gear Mfg,Rock,Southwest
Regal Beloit America Inc. - Revision 3,Clinton,56,05/13/2020,LS,01/31/2020,Speed Changer Drive & Gear Mfg,Rock,Southwest
Regal Beloit America Inc. - Revision 4,Clinton,56,06/02/2020,LS,01/31/2020,Speed Changer Drive & Gear Mfg,Rock,Southwest
"Alorica, Inc.",Green Bay,157,12/13/2019,CL,02/28/2020,Telemarketing & Other Contact Centers,Brown,Bay Area
Chancery Pub and Restaurant,Kenosha,77,11/4/2019,CL,12/31/2019,Full Service Restaurant,Kenosha,Southeast
CFS Brands,Sparta,83,11/12/2019,CL,01/31/2020,Broom Brush & Mop Mfg,Monroe,Western
Cerner Corporation,Beloit,1,11/13/2019,WR,01/14/2020,Computer & Software Merch Whls,Rock,Southwest
Kohler Co.,Kohler,90,11/15/2019,WR,01/12/2020,Misc Fabricated Metal Product Mfg,Sheboygan,Bay Area
Kohler Co. - Revision 1,Kohler,75,04/23/2020,"AW, LS",05/03/2020,Misc Fabricated Metal Product Mfg,Sheboygan,Bay Area
"Transform KM, LLC",Kenosha,70,11/19/2019,CL,02/16/2020,Department Stores,Kenosha,Southeast
JB Milwaukee Healthcare,Milwaukee,120,11/21/2019,CL,01/20/2020,Nursing Care Facilities (Skilled Nursing),Milwaukee,Milwaukee
Dycora Transitional Health - Colonial Manor,Glendale,66,11/22/2019,CL,01/17/2019,Nursing Care Facilities (Skilled Nursing),Milwaukee,Milwaukee
"Olameter DPG, LLC",Oak Creek,70,11/27/2019,CL,12/31/2019,All Other Support Services,Milwaukee,Milwaukee
"TGI Friday's Inc./Milwaukee Front Row Joint Venture, LLC.",Milwaukee,86,10/9/2019,CL,12/06/2019,Snack & Nonalcoholic Beverage Bars,Milwaukee,Milwaukee
Multi-Color Corporation,Green Bay,39,10/17/2019,CL,12/16/2019,Printing & Writing Paper Merch Whls,Brown,Bay Area
Silgan Containers,Menomonee Falls,22,10/21/2019,WR,11/18/2019,Metal Can Mfg,Waukesha,WOW
Gardner Pet Group,West Bend,36,10/24/2019,CL,01/17/2020,Other Animal Food Mfg,Washington,WOW
"INNIO Waukesha Gas Engines, Inc.",Waukesha,75,10/28/2019,WR,12/31/2019,Other Engine Equip Mfg,Waukesha,WOW
Georgia-Pacific Consumer Operations LLC,Greeny Bay,55,10/29/2019,CL,12/16/2019,Managing Officers,Brown,Bay Area
Richter Foods-Burlington Inc.,Burlington,70,9/3/2019,CL,09/15/2019,Supermarkets & Other Grocery Stores,Racine,Southeast
Nestle USA Inc.,Medford,32,9/6/2019,WR,11/01/2019,Frozen Specialty Food Mfg,Taylor,Northwest
Nestle USA Inc.,Appleton,32,9/6/2019,WR,11/01/2019,General Warehousing & Storage,Outagamie,Bay Area
Nestle USA Inc.,Delavan,31,9/6/2019,CL,11/01/2019,General Warehousing & Storage,Walworth,Southeast
Nestle USA Inc.,Sussex,31,9/6/2019,CL,11/01/2019,Frozen Specialty Food Mfg,Waukesha,WOW
Transform KM LLC,Racine,47,9/9/2019,CL,12/15/2019,Department Stores,Racine,Southeast
Schneider National Carriers Inc.,Green Bay,85,8/2/2019,WR,09/30/2019,General Freight Trucking Long Distance TL,Brown,Bay Area
Forrer Business Interiors,Milwaukee,58,8/2/2019,CL,08/02/2019,Furn Merch Whls,Milwaukee,Milwaukee
Forrer Business Interiors - Revision 1,Milwaukee,58,8/9/2019,LS,08/02/2019,Furn Merch Whls,Milwaukee,Milwaukee
Hi-Crush Services LLC,Whitehall,40,8/12/2019,WR,08/30/2019,Description: Ind. Sand Mining,Trempealeau,Western
C&D Technologies,Milwaukee,158,8/15/2019,CL,10/05/2019,Storage Battery Mfg,Milwaukee,Milwaukee
Transform KM LLC,Waupaca,41,8/23/2019,CL,11/17/2019,Department Stores,Waupaca,Fox Valley
Silgan Containers Manufacturing Corporation,Waupun,70,7/1/2019,CL,11/08/2019,Metal Can Manufacturing,Dodge,South Central
Silgan Containers Manufacturing Corporation - Revision 1,Waupun,70,11/4/2019,LS,11/15/2019,Metal Can Manufacturing,Dodge,South Central
Arvato Digital Services,Pleasant Prairie,95,7/3/2019,WR,09/01/2019,General Warehousing & Storage,Kenosha,Southeast
Tramontina US Cookware,Manitowoc,145,7/9/2019,CL,09/08/2019,Mtl Kichn Cookware Utensil Exc Precious Mfg,Manitowoc,Bay Area
US Bank,Eau Claire,43,7/10/2019,WR,10/01/2019,Commercial Banking,Eau Claire,West Central
"Bonton Department Store [aka Saks 5th Avenue, aka Saks 5th Avenue OFF 5TH]",Wauwatosa,39,7/12/2019,CL,09/30/2019,Department Stores,Milwaukee,Milwaukee
Community Development Institution - Head Start,Milwaukee,74,7/23/2019,CL,08/31/2019,Other Individual & Family Services,Milwaukee,Milwaukee
Flambeau River Papers,Park Falls,65,7/25/2019,WR,Unknown,Paper exc Newsprint Mills,Price,Northwest
Flambeau River Papers - Revision 1,Park Falls,108,9/16/2019,"AW, LS",09/24/2019,Paper exc Newsprint Mills,Price,Northwest
ResCare Workforce Services,Milwaukee,99,7/29/2019,WR,09/30/2019,Vocational rehabilitation services,Milwaukee,Milwaukee
Beauty Systems Group,Marinette,84,6/3/2019,CL,07/29/2019,Service Estab Equip Merch Whls,Marinette,Bay Area
Intel Corporation,Eau Claire,62,6/14/2019,CL,08/15/2019,Computer & Software Merch Whls,Eau Claire,West Central
Lee Enterprises,La Crosse,20,6/17/2019,WR,08/10/2019,Newspaper Publishers,La Crosse,Western
Piggly Wiggly,Kenosha,59,6/24/2019,CL,08/24/2019,Supermarkets & Other Grocery Stores,Kenosha,Southeast
Alliance Industries,Marinette,22,6/25/2019,CL,09/01/2019,Ind Pattern Mfg,Marinette,Bay Area
Mayo Clinic Health System - Franciscan,La Crosse,Unknown,5/8/2019,WR,07/01/2019,Offices of Physicians exc Mental Health,La Crosse,Western
Covia Corporation,Maiden Rock,52,5/9/2019,WR,05/08/2019,Ind Sand Mining,Pierce,West Central
The Journal Times,Racine,39,5/13/2019,WR,07/14/2019,Newspaper Publishers,Racine,Southeast
Merit Gear,Antigo,80,5/20/2019,CL,01/01/2020,Speed Changer Drive & Gear Mfg,Langlade,North Central
BMO Harris,Brown Deer,51,5/30/2019,WR,05/30/2019,Commercial Banking,Milwaukee,Milwaukee
F+W Media Inc.,Stevens Point,66,4/1/2019,CL,05/31/2019,Periodical Publishers,Portage,North Central
Iron Mountain Trap Rock Co.,Bloomer,32,4/1/2019,CL,10/26/2018,Crushed & Broken Limestone Mining,Chippewa,West Central
Shopko,"Manitowoc,
Plover",99,4/8/2019,CL,04/14/2019,Department Stores,"Manitowoc, Portage","Bay Area, North Central"
Inmar,Milwaukee,265,4/11/2019,CL,06/15/2019,Pharmaceutical Preparation Mfg,Milwaukee,Milwaukee
Sodexo Services,Oshkosh,87,4/15/2019,CL,07/10/2019,Facilities Support Services,Winnebago,Fox Valley
Silver Star Brands,Oshkosh,62,4/22/2019,WR,06/24/2019,Electronic Shopping and Mail-Order Houses,Winnebago,Fox Valley
Durham School Services,Racine,211,4/23/2019,CL,07/31/2019,School & Employee Bus Trans,Racine,Southeast
Backyard Products,Janesville,23,4/23/2019,CL,08/01/2019,Misc Wood Product Mfg,Rock,Southwest
Saputo Cheese USA,Dresser,49,4/25/2019,CL,05/31/2019,Cheese Mfg,Polk,West Central
"LifeCare Management Services, LLC",Pewaukee,171,4/25/2019,CL,06/23/2019,Managing Offices,Waukesha,WOW
Post Acute Medical Specialty Hospital of Milwaukee,Milwaukee,172,3/7/2019,CL,05/30/2019,Other hospitals,Milwaukee,Milwaukee
Heidel House Resort & Spa,Green Lake,111,3/11/2019,CL,05/20/2019,Hotels & Motels exc. Casino Hotels,Green Lake,Fox Valley
Motor Castings Company,Milwaukee,113,3/20/2019,CL,05/20/2019,Iron Foundries,Milwaukee,Milwaukee
CasTech,West Allis,4,3/20/2019,CL,05/20/2019,Misc Fabricated Metal Product Mfg,Milwaukee,Milwaukee
Radial,Eau Claire,142,3/26/2019,cl,05/28/2019,Telemarketing & Other Contact Centers,Eau Claire,West Central
Dentsply Sirona,Racine,49,3/27/2019,CL,07/01/2019,Whls Trade Agents & Brokers,Racine,Southeast
"D.E.N. Services, Inc.",Clintonville,101,3/27/2019,CL,06/30/2019,Vocational Rehabilitation Services,Waupaca,Fox Valley
SHOPKO,"Abbotsford, Adams, Appleton, Arcadia, Ashwaubenon, Beaver Dam, Chippewa Falls, Clintonville, De Pere, Eagle River, Eau Claire, Fond du Lac, Fort Atkinson, Green Bay, Janesville, La Crosse, Lancaster, Marshfield, Mequon, Monroe, Neillsville, Oconto, Onalaska, Oshkosh, Park Falls, Reedsburg, Rice Lake, River Falls, Rothschild, Sister Bay, Spooner, Stanley, Suamico, Tomahawk, Waukesha, Wausau, Wautoma, Wisconsin Rapids",1715,3/28/2019,CL,06/16/2019,Department Stores,"Adams, Barron, Brown, Chippewa, Clark, Dodge, Door, Eau Claire, Fond du Lac, Grant, Green, Jefferson, La Crosse, Lincoln, Marathon, Oconto, Outagamie, Ozaukee, Price, Rock, Sauk, St. Croix, Trempealeau, Vilas, Washburn, Waukesha, Waupaca, Wausau, Waushara, Winnebago, Wood","Bay Area, Fox Valley, North Central, Northwest, South Central, Southwest, West Central, Western, WOW"
Zalk Josephs Fabricators LLC,Stoughton,Unknown,3/28/2019,WR,05/27/2019,Fabricated Structural Metal Mfg,Dane,South Central
"Spectrum Transportation Services, LLC",De Pere,9,3/28/2019,CL,05/20/2019,General Freight Trucking Long Distance,Brown,Bay Area
Spectrum America Supply Chain Solutions Inc.,De Pere,216,3/28/2019,CL,05/20/2019,General Warehousing & Storage,Brown,Bay Area
US Bank,Brookfield,40,2/5/2019,WR,04/05/2019,Commercial Banking,Waukesha,WOW
Covia Corp.,Tomah,29,2/11/2019,WR,02/07/2019,Ind Sand Mining,Monroe,Western
Armor Correctional Health Service Inc.,Milwaukee,100,2/11/2019,CL,03/31/2019,Facilities Support Services,Milwaukee,Milwaukee
ShopKo,"De Pere, Watertown, Beloit, Racine, Kimberly, Kenosha, Monona, Marinette, Sheboygan, Delavan, Rhinelander",578,2/13/2019,CL,05/06/2019,Department Stores,"Brown, Dodge, Jefferson, Rock, Racine, Outagamie, Kenosha, Dane, Marinette, Sheboygan, Walworth, Oneida","Bay Area, South Central, Southwest, Southeast, North Central"
Wellspring of Milwaukee,Milwaukee,160,2/13/2019,CL,04/12/2019,Nursing Care Facilities (Skilled Nursing),Milwaukee,Milwaukee
Shopko Store Support Center,Green Bay,140,2/18/2019,WR,04/08/2019,Managing Offices,Brown,Bay Area
ABQC Corporation,Milwaukee,35,2/18/2019,CL,03/31/2019,Electroplating Anodizing & Coloring Metal,Milwaukee,Milwaukee
"Figi's Companies, Inc.","Marshfield, Stevens Point, Neillsville",279,1/07/2019,CL,01/04/2019,Electronic Shopping and Mail-Order Houses,"Wood, Portage, Clark","North Central, West Central"
Petco - Drs. Foster & Smith,Rhinelander,289,1/10/2019,CL,03/10/2019,Electronic Shopping and Mail-Order Houses,Oneida,North Central
Kimberly-Clark Corp.,Neenah,74,1/10/2019,CL,03/15/2019,Nonwoven Fabric Mills,Winnebago,Fox Valley
Kimberly-Clark Corp. - Revision 1,Neenah,65,3/22/2019,"LS, AW",03/15/2019,Nonwoven Fabric Mills,Winnebago,Fox Valley
Compass Minerals America Inc.,Kenosha,38,1/14/2019,CL,02/01/2019,Other Chemicals Merch Whls,Kenosha,Southeast
"Becton, Dickinson and Company",Franklin,2,1/18/2019,CL,03/22/2019,Pharmaceutical Preparation Mfg,Milwaukee,Milwaukee
Shopko Stores,Madison,63,1/18/2019,CL,04/12/2019,Department Stores,Madison,South Central
Unison (formerly known as: Interfaith Older Adult Programs Inc.),"Milwaukee, Cudahy, Brown Deer",53,1/18/2019,CL,12/21/2018,Services for the Elderly & Disabled,Milwaukee,Milwaukee
Lacrosse Hardwood Flooring,Westby,65,1/22/2019,CL,03/18/2019,Misc Wood Product Mfg,Vernon,Western
Pepin Health and Rehab,Pepin,54,1/22/2019,CL,03/23/2019,Continuing Care Retirement Communities,Pepin,West Central
Alkar-Rapid Pak Inc,Lodi,30,1/28/2019,WR,01/22/2019,Food Product Machinery Mfg,Columbia,South Central
Prinsco,Appleton,33,12/5/2018,CL,02/04/2019,Plastics Pipe & Pipe Fitting Mfg,Outagamie,Bay Area
GE Global Operations,Wauwatosa,63,11/26/2018,WR,01/12/2019,Electromedical Apparatus Mfg,Milwaukee,Milwaukee
Kmart Corporation,Cudahy,75,11/13/2018,CL,01/31/2019,Department Stores,Milwaukee,Milwaukee
Intercontinental Milwaukee,Milwaukee,115,11/9/2018,CL,01/08/2019,Hotels & Motels exc Casino Hotels,Milwaukee,Milwaukee
Beechworth Windows,Ladysmith,80,11/8/2018,CL,01/07/2019,All Other Plastics Product Mfg,Rusk,Northwest
Target Corporation,Greenfield,138,10/30/2018,CL,02/02/2019,Department Stores,Milwaukee,Milwaukee
"Sunlite Plastics, Inc.",Germantown,58,10/29/2018,WR,10/29/2018,Unlaminated Plastics Profile Shape Mfg,Washington,WOW
Milwaukee Athletic Club,Milwaukee,97,10/25/2018,CL,12/27/2018,Civic & Social Organizations,Milwaukee,Milwaukee
Bimbo Bakeries USA,Madison,159,10/23/2018,CL,01/02/2019,Commercial Bakeries,Dane,South Central
"Black Horse Carriers, Inc.",Kenosha,107,10/19/2018,CL,01/22/2019,General Freight Trucking Long Distance TL,Kenosha,Southeast
Home Owners Bargain Outlet,"Milwaukee, West Allis",104,10/17/2018,CL,12/20/2018,Home Centers,Milwaukee,"Employ Milwaukee, Inc."
Southwire/Coleman Cable,Pleasant Prairie,65,10/5/2018,CL,12/04/2018,Whls Trade Agents & Brokers,Kenosha,Southeast
Hi-Crush,Whitehall,37,10/2/2018,WR,09/28/2018,Description: Ind Sand Mining,Trempealeau,Western
Silgan Containers,Plover,30,9/20/2018,WR,11/24/2018,Metal Can Mfg,Portage,North Central
Marshfield Clinic Health System,Marshfield,25,9/17/2018,WR,08/16/2018,HMO – Medical Centers,Wood,North Central
Midwest Senior Living,Thiensville,30,9/1/2018,CL,11/01/2018,Assisted Living Facilities for the Elderly,Ozaukee,WOW
P.F. Chang's,Middleton,36,8/31/2018,CL,09/01/2018,Full-service restaurants,Dane,South Central
"ACCO Brands USA, LLC",Pleasant Prairie,54,8/28/2018,CL,10/26/2018,Office Supplies Merch Whls,Kenosha,Southeast
"Com-Tec Security, LLC",Greenville,23,8/9/2018,CL,07/31/2018,Computer Systems Design Services,Outagamie,Bay Area
OneTouchPoint,Green Bay,30,8/8/2018,WR,08/01/2018,Commercial Gravure Printing,Brown,Bay Area
Best Buy,Grafton,68,8/8/2018,CL,11/03/2018,Electronics Stores,Ozaukee,WOW
Midwest Senior Living,Appleton,54,8/6/2018,CL,10/01/2018,Managing Offices,Outagamie,Bay Area
West Corporation,Middleton,112,8/2/2018,WR,08/31/2018,Telemarketing & Other Contact Centers,Dane,South Central
West Corporation,Green Bay,36,8/2/2018,WR,08/31/2018,Telemarketing & Other Contact Centers,Brown,Bay Area
Schuman Cheese,Fall Creek,51,7/16/2018,WR,07/12/2018,Cheese Mfg,Eau Claire,West Central
"The Fresh Market, Inc.","Brookfield, Fox Point",102,7/10/2018,CL,08/03/2018,Supermarkets and Other Grocery Stores,"Milwaukee, Waukesha","Milwaukee, WOW"
Mayline (DBA Safco Products Co.),Sheboygan,127,7/2/2018,CL,09/04/2018,Office Furn exc Wood Mfg,Sheboygan,Bay Area
Mayline (DBA Safco Products Co.) - Revision 1,Sheboygan,127,9/4/2018,LS,11/02/2018,Office Furn exc Wood Mfg,Sheboygan,Bay Area
Mayline (DBA Safco Products Co.) - Revision 2,Sheboygan,127,10/1/2018,LS,09/04/2018,Office Furn exc Wood Mfg,Sheboygan,Bay Area
GE Energy,Waukesha,236,6/29/2018,CL,08/31/2018,Other Engine Equip Mfg,Waukesha,Waukesha-Ozaukee-Washington
Cooper Power Systems,Waukesha,52,6/29/2018,WR,09/07/2018,Elect Power & Specialty Transformer Mfg,Waukesha,Waukesha-Ozaukee-Washington
Ariens Company,Janesville,141,6/19/2018,CL,08/20/2018,Lawn & Garden Equip Mfg,Rock,Southwest
"Roche Nimblegen, Inc.",Madison,79,6/19/2018,CL,12/31/2018,Research & Dvlp in Biotech (except Nanobio),Dane,South Central
"Daniels of Janesville, LLC",Janesville,49,6/19/2018,CL,08/15/2018,Supermarkets & Other Grocery Stores,Rock,Southwest
DHL Supply Chain,Mequon,59,6/18/2018,CL,08/10/2018,General Freight Trucking Long Distance TL,Ozaukee,Waukesha-Ozaukee-Washington
Piggly Wiggly #24,Menasha,69,6/18/2018,CL,08/18/2018,Supermarkets and Other Grocery Stores,Winnebago,Fox Valley
Wells Fargo,Menomonee Falls,46,6/7/2018,CL,10/01/2018,Portfolio Management,Waukesha,Waukesha-Ozaukee-Washington
BMO Harris Bradley Center,Milwaukee,651,5/24/2018,CL,08/10/2018,Other Spectator Sports,Milwaukee,Milwaukee
"Western Industries, Inc.",Watertown,85,5/18/2018,CL,07/16/2018,Major Household Appliance Manufacturing,Jefferson,South Central
M.G. Design Associates Corporation,Pleasant Prairie,46,5/15/2018,CL,05/09/2018,Marketing Consulting Services,Kenosha,Southeast
Degen-Berglund Inc,La Crosse,30,5/9/2018,WR,07/08/2018,Home Health Equipment Rental,La Crosse,Western
Concentrix,Milwaukee,77,5/8/2018,WR,07/06/2018,Marketing Consulting Services,Milwaukee,Milwaukee
American Girl,Wilmot,185,4/19/2018,CL,06/22/2018,Doll and Stuffed Toy Mfg,Kenosha,Southeast
First Citizens Bank,Brown Deer and Glendale,100,4/9/2018,WR,06/08/2018,Commercial Banking,Milwaukee,Milwaukee
First Citizens Bank - Revision 1,Brown Deer and Glendale,100,5/2/2018,AW,06/08/2018,Commercial Banking,Milwaukee,Milwaukee
First Citizens Bank - Revision 2,Brown Deer and Glendale,111,6/8/2018,AW,06/08/2018,Commercial Banking,Milwaukee,Milwaukee
"Bon Ton Stores (Younkers, Boston Store, BonTon)","Brookfield, Eau Claire, Glendale, Greendale, Janesville, Madison, Marshfield, Milwaukee, Racine, Wauwatosa",2255,4/6/2018,CL,06/05/2018,Department Stores Managing Offices,"Brown, Dane, Eau Claire, Milwaukee, Racine, Rock, Waukesha, Wood","Bay Area, Milwaukee, North Central, South Central, Southeast, Southwest, West Central, WOW"
Sitel Group,Unknown,1,4/2/2018,WR,03/30/2018,All Other Business Support Services,Unknown,Unknown
JC Penny,Wauwatosa,520,3/28/2018,CL,06/02/2018,Electronic Shopping and Mail-Order Houses,Milwaukee,Milwaukee
"Hubbell Lighting, Inc.",Hudson,54,3/26/2018,CL,05/25/2018,Elect Equip & Wiring Merch Whls,St. Croix,West Central
Syverson Lutheran Home,Eau Claire,80,3/26/2018,CL,03/26/2018,Nursing Care Facilities (Skilled Nursing),Eau Claire,West Central
"Toys ""R"" Us, Inc.","Appleton,
Brookfield,
Green Bay,
Madison,
Onalaska,
Milwaukee,
Racine, and
Janesville",326,3/15/2018,CL,05/14/2018,Hobby Toy & Game Stores,"Brown,
Dane,
La Crosse,
Milwaukee,
Outagamie,
Racine,
Rock, and
Waukesha","Bay Area,
Milwaukee,
South Central,
Southeast,
Southwest,
Western, and
WOW"
"Toys ""R"" Us, Inc. - Revision 1","Appleton,
Brookfield,
Green Bay,
Madison,
Onalaska,
Milwaukee,
Racine, and
Janesville",326,5/30/2018,LS,06/16/2018,Hobby Toy & Game Stores,"Brown,
Dane,
La Crosse,
Milwaukee,
Outagamie,
Racine,
Rock, and
Waukesha","Bay Area,
Milwaukee,
South Central,
Southeast,
Southwest,
Western, and
WOW"
"ALKAR-RapidPak, Inc.",Lodi,30,3/8/2018,WR,03/08/2018,Food Product Machinery Mfg,Columbia,South Central
Foremost Farms USA,Rothschild,110,3/5/2018,CL,05/07/2018,Dry Condensed & Evaporated Dairy Products,Marathon,North Central
Care and Rehab - Dallas,Dallas,49,3/5/2018,CL,05/01/2018,Nursing Care Facilities (Skilled Nursing),Barron,West Central
"Cordstrap USA, Inc.",Sturtevant,36,2/26/2018,WR,05/01/2018,Rope Cordage & Twine Mills,Racine,Southeast
"Uniek, Inc.",Waunakee,58,2/23/2018,WR,04/30/2018,All Other Plastics Product Mfg,Dane,South Central
Gannett Publishing Services,Appleton,137,2/13/2018,CL,05/01/2018,Commercial Gravure Printing,Outagamie,Bay Area
Gannett Publishing Services - Revision 1,Appleton,137,3/23/2018,LS,05/01/2018,Commercial Gravure Printing,Outagamie,Bay Area
Gannett Publishing Services - Revision 2,Appleton,137,5/18/2018,LS,05/01/2018,Commercial Gravure Printing,Outagamie,Bay Area
Gannett Publishing Services - Revision 3,Appleton,137,6/8/2018,LS,05/01/2018,Commercial Gravure Printing,Outagamie,Bay Area
"Mike Flint Enterprises, Inc. (dba Interim Healthcare of Wisconsin; dba Mallatt's Homecare Pharmacy)",Madison and Menomonee Falls,168,2/7/2018,CL,04/01/2018,"Temporary Help Services, Other Direct Selling Estab",Dane and Waukesha,South Central and WOW
Interim Healthcare of Wisconsin - Revision 1,Madison,98,5/29/2018,LS,08/01/2018,Temporary Help Services,Dane,South Central
Compass Group,Hudson,3,2/1/2018,CL,04/01/2018,Janitorial Services,St. Croix,West Central
Younkers,Appleton,75,1/31/2018,CL,04/01/2018,Department Stores exc Discount,Outagamie,Bay Area
Younkers,Wausau,63,1/31/2018,CL,04/01/2018,Department Stores exc Discount,Marathon,North Central
"Saputo Cheese USA, Inc.",Fond du Lac,120,1/30/2018,CL,03/31/2018,Cheese Mfg,Fond du Lac,Fox Valley
"Saputo Cheese USA, Inc. - Revision 1",Fond du Lac,120,3/30/2018,LS,03/31/2018,Cheese Mfg,Fond du Lac,Fox Valley
ACCO Brands,Pleasant Prairie,26,1/22/2018,CL,03/23/2018,Stationery Product Mfg,Kenosha,Southeast
Sam's Club,Madison,129,1/16/2018,CL,03/16/2018,Warehouse Clubs and Supercenters,Dane,South Central
"Lake Country Foods, Inc.",Oconomowoc,91,1/12/2018,CL,03/16/2018,Dry Condensed & Evaporated Dairy Products,Waukesha,Waukesha-Ozaukee-Washington
Sam's Club,West Allis,165,1/11/2018,CL,03/16/2018,Warehouse Clubs and Supercenters,Milwaukee,Milwaukee
Sears Holdings,Brookfield,59,1/10/2018,WR,03/18/2018,Department Stores,Waukesha,Waukesha-Ozaukee-Washington
Sears Holdings,Green Bay,43,1/10/2018,WR,04/08/2018,Department Stores,Brown,Bay Area
F + W Media,Iola,41,12/22/2017,WR,12/21/2017,Periodical Publishers,Waupaca,Fox Valley
F + W Media - Revision 1,Iola,0,1/29/2018,RN,12/21/2017,Periodical Publishers,Waupaca,Fox Valley
Centro Hispano Milwaukee,Milwaukee,88,11/17/2017,WR,01/21/2018,Other Individual & Family Services,Milwaukee,Milwaukee
K-Mart,Stevens Point,45,11/13/2017,CL,01/21/2018,Discount Department Stores,Portage,North Central
"Authenticom, Inc.",La Crosse,55,11/8/2017,WR,02/02/2018,Data Processing Hosting & Related Services,La Crosse,Western
"Bosch Packaging Technology, Inc.",Shell Lake and New Richmond,35,11/6/2017,CL,01/01/2018,Ind Machinery Merch Whls,St. Croix and Washburn,Northwest and West Central
Ryder Integrated Logistics Inc,Greenville,159,10/30/2017,CL,12/31/2017,General Freight Trucking Long Distance TL,Outagamie,Bay Area
"U.S. Paper Converters, Inc.",Appleton,52,10/23/2017,CL,12/31/2017,All Other Converted Paper Product Mfg.,Outagamie,Bay Area
"U.S. Paper Converters, Inc. - Revision 1",Appleton,52,11/15/2017,LS,12/21/2017,All Other Converted Paper Product Mfg.,Outagamie,Bay Area
Molina Healthcare Inc.,Milwaukee,53,10/17/2017,WR,12/15/2017,Managing Offices,Milwaukee,Milwaukee
Molina Healthcare Inc. - Revision 1,Milwaukee,59,12/11/2017,"AW, LS",03/01/2018,Managing Offices,Milwaukee,Milwaukee
Molina Healthcare Inc. - Revision 2,Milwaukee,78,12/12/2017,AW,03/01/2018,Managing Offices,Milwaukee,Milwaukee
Spartech Packaging,Ripon,70,10/5/2017,CL,12/04/2017,Nonpackaging Plastics Film & Sheet Mfg,Fond du Lac,Fox Valley
Webcrafters,Waunakee,258,10/2/2017,CL,12/31/2017,Books Printing,Dane,South Central
Mad Design and Marketing,Madison,2,9/29/2017,WR,11/01/2017,Marketing Consulting Services,Dane,South Central
Mad Design and Marketing - Revision 1,Madison,2,10/9/2017,LS,10/01/2017,Marketing Consulting Services,Dane,South Central
Appvion,Appleton,61,9/18/2017,CL,10/15/2017,Paper Bag & Coated & Treated Paper Mfg,Outagamie,Bay Area
Ryder,Beaver Dam,100,9/14/2017,CL,12/15/2017,Refrigerated Warehousing & Storage,Dodge,South Central
"Pioneer Metal Finishing, LLC",Oshkosh,52,9/13/2017,CL,11/13/2017,Metal Coating & Nonprecious Engraving,Winnebago,Fox Valley
"Mega Mart, LLC. (dba Pick 'n Save)",Janesville,71,9/6/2017,CL,11/04/2017,Supermarkets & Other Grocery Stores,Rock,Southwest
Jackson National Life Insurance,Appleton,11,9/1/2017,CL,11/01/2017,Direct Life Insurance Carriers,Outagamie,Bay Area
Jackson National Life Insurance - Revision 1,Appleton,34,12/18/2017,"AW, LS",02/16/2018,Direct Life Insurance Carriers,Outagamie,Bay Area
Jackson National Life Insurance - Revision 2,Appleton,115,1/29/2018,"AW, LS",04/17/2018,Direct Life Insurance Carriers,Outagamie,Bay Area
Jackson National Life Insurance - Revision 3,Appleton,145,1/30/2018,"AW, LS",03/16/2018,Direct Life Insurance Carriers,Outagamie,Bay Area
"Gordy's Chippewa Foods, Inc.","Arcadia, Augusta, Barron, Black River Falls, Chetek, Chippewa Falls, Cornell, Eau Claire, Galesville, Hayward, La Crosse, Ladysmith, Neillsville, Rice Lake, Richland Center, Shell Lake, Spencer, Stanley, Tomah, Whitehall",1008,8/29/2017,CL,10/28/2017,Supermarkets & Other Grocery Stores,"Barron, Chippewa, Clark, Eau Claire, Jackson, La Crosse, Marathon, Monroe, Richland, Rusk, Sawyer, Trempealeau, Washburn","North Central, Northwest, Southwest, West Central, Western"
Fortis Management Group LLC,Milwaukee,225,8/22/2017,CL,10/22/2017,Managing Offices,Milwaukee,Milwaukee
Appleton Coated LLC,Combined Locks,620,8/21/2017,CL,10/16/2017,Paper exc Newsprint Mills,Outagamie,Bay Area
"PDQ Food Stores, Inc.","Fitchburg, Kenosha, Madison, Middleton, Waukesha",313,8/7/2017,CL,10/09/2017,Gasoline Stations with Convenience Stores,"Dane, Kenosha, Waukesha","Southeast, South Central, WOW"
"Thunder Pallet, Inc.",Theresa,42,8/2/2017,CL,10/02/2017,Wood Container & Pallet Mfg,Dodge,South Central
"Marobo, LLC",Mayville,4,8/2/2017,CL,10/02/2017,Wood Container & Pallet Mfg,Dodge,South Central
Brennan's Market,"Brookfield, Madison, Monroe, New Glarus, & Oconomowoc",139,8/1/2017,CL,09/30/2017,All Other Specialty Food Stores,"Dane, Green, & Waukesha","South Central, Southwest, & WOW"
"The Carlson Company, Inc.",Madison,49,7/25/2017,CL,07/25/2017,Custom Architectural Woodwork & Millwork,Dane,South Central
Black Bear Bottling Group LLC,Oak Creek,76,7/19/2017,CL,09/15/2017,Soft Drink Mfg,Milwaukee,Milwaukee
Sears Auto Center,Greendale,8,7/10/2017,CL,09/17/2017,Automotive Parts & Accessories,Milwaukee,Milwaukee
Sears Store,Greendale,88,7/10/2017,CL,09/17/2017,Department Stores exc Discount,Milwaukee,Milwaukee
Gander Mountain,"Deforest, Franklin, Green Bay, Janesville, Kenosha, Onalaska, Rothschild, Waukesha, West Baraboo",371,7/3/2017,CL,08/30/2017,Sporting Goods Stores,"Brown, Dane, Kenosha, La Crosse, Marathon, Milwaukee, Rock, Sauk, Waukesha","Bay Area, Milwaukee, North Central, South Central, Southeast, Southwest, Western, WOW"
Imperial Laundry Systems LLC,Racine,121,6/23/2017,CL,08/23/2017,Drycleaning & Laundry Services,Racine,Southeast
Kmart,La Crosse,68,6/13/2017,CL,09/03/2017,Discount Department Stores,La Crosse,Western
Kmart,Medford,57,6/13/2017,CL,09/03/2017,Discount Department Stores,Taylor,Northwest
Kmart,West Allis,114,6/13/2017,CL,09/03/2017,Discount Department Stores,Milwaukee,Milwaukee
SaintA,Milwaukee,82,6/7/2017,WR,08/15/2017,Residential Mental & Substance,Milwaukee,Milwaukee
ADSEA Wisconsin,Portage,58,6/5/2017,CL,08/01/2017,Motor Vehicle Merch Whls,Columbia,South Central
Goetz Companies (dba Petro of Portage Travel Center),Portage,104,5/30/2017,CL,07/31/2017,Gasoline Stations with Convenience Stores,Columbia,South Central
"Zalk Josephs Fabricators, LLC",Stoughton,55,5/30/2017,WR,06/22/2017,Fabricated Structural Metal Mfg,Dane,South Central
"Colony Brands, Inc.",Madison,103,5/23/2017,CL,12/29/2017,Mail Order Houses,Dane,South Central
Modern Equipment Company LLC,Port Washington,59,5/4/2017,CL,07/10/2017,Other Industrial Machinery Mfg,Ozaukee,WOW
Babcock and Wilcox Universal,Beloit,55,4/5/2017,WR,06/03/2017,Misc General Purpose Machinery Mfg,Rock,Southwest
"VF Outdoor, LLC",Appleton,380,4/4/2017,WR,06/09/2017,Commercial Screen Printing,Outagamie,Bay Area
"Compass Group USA, Inc. dba Chartwells",Whitewater,302,4/4/2017,CL,05/31/2017,Food Service Contractors,Jefferson,South Central
Dollar Express,"Appleton, Eau Claire, Milwaukee, St. Francis",50,4/3/2017,CL,06/30/2017,All Other General Merchandise Stores,"Eau Claire, Milwaukee, Outagamie","Bay Area, Milwaukee, West Central"
"The Garvey Group, LLC","Franklin, Sturtevant, Milwaukee",66,4/3/2017,CL,06/01/2017,Commercial Gravure Printing,"Milwaukee, Racine","Milwaukee, Southeast"
The Garvey Group LLC - Revision 1,"Franklin, Milwaukee",66,7/21/2017,LS,07/31/2017,Commercial Gravure Printing,Milwaukee,Milwaukee
Tulip Molded Plastics Corp.,Milwaukee,136,3/31/2017,CL,07/02/2017,All Other Plastics Product Mfg,Milwaukee,Milwaukee
"Alorica, Inc.",La Crosse,137,3/27/2017,WR,05/26/2017,Telemarketing & Other Contact Centers,La Crosse,Western
SP Plus Corporation,Milwaukee,60,3/27/2017,CL,03/31/2017,Parking Lots & Garages,Milwaukee,Milwaukee
Gannett Consumer Solutions Center,Milwaukee,24,3/14/2017,CL,05/12/2017,Newspaper Publishers,Milwaukee,Milwaukee
River Steel,West Salem,20,3/7/2017,CL,03/31/2017,Fabricated Structural Metal Mfg,La Crosse,Western
Spredfast Inc.,Madison,47,2/7/2017,CL,02/07/2017,Marketing Consulting Services,Dane,South Central
"Promotions Unlimited (Roosevelt Capital, LLC)",Racine,77,2/6/2017,CL,01/17/2017,Other Nondurable Goods Merch Whls,Racine,Southeast
Gannett Publishing Services,Wausau,30,2/3/2017,CL,04/02/2017,Commercial Gravure Printing,Wausau,North Central
"River City Distributing Co., Inc.",Watertown,107,1/23/2017,CL,03/31/2017,Beer & Ale Merch Whls,Jefferson,South Central
McKesson Corporation,La Crosse,67,1/17/2017,CL,03/31/2017,Druggists Goods Merch Whls,La Crosse,Western
"BMR NO. 1, LLC dba Arrow Hyundai",West Allis,57,12/22/2016,CL,03/01/2017,New Car Dealers,Milwaukee,Milwaukee
"Walter USA, LLC.",Waukesha,39,12/12/2016,WR,02/10/2017,Cutting Tool & Machine Tool Accessory Mfg,Waukesha,WOW
The Lutheran Home: River Falls,River Falls,62,12/8/2016,CL,02/09/2016,Nursing Care Facilities (Skilled Nursing),St Croix,West Central
Clearwater Paper,Neenah,91,11/30/2016,WR,12/31/2016,Paper exc Newsprint Mills,Winnebago,Fox Valley
Masonite Corporation,Algoma,180,11/9/2016,CL,01/13/2017,Wood Window & Door Mfg,Kewaunee,Bay Area
Terex Utilities,Waukesha,92,11/9/2016,CL,01/06/2017,Motor Vehicle Body Mfg,Waukesha,WOW
Milwaukee Center for Independence,Milwaukee,1062,11/2/2016,WR,12/31/2016,Other Individual & Family Services,Milwaukee,Milwaukee
Gossen Corporation,Glendale,92,11/1/2016,CL,11/01/2016,Unlaminated Plastics Profile Shape Mfg,Milwaukee,Milwaukee
Cumberland Healthcare,Cumberland,76,10/31/2016,CL,12/31/2016,General Medical & Surgical Hospitals,Barron,West Central
"TreeHouse Private Brands, Inc.",Ripon,51,10/10/2016,CL,11/18/2016,Cookie & Cracker Mfg,Fond du Lac,Fox Valley
Home Security of America (HSA),Cross Plains,121,10/7/2016,CL,12/06/2016,Appliance Repair & Maint,Dane,South Central
Owens Corning,Ladysmith,71,10/3/2016,CL,11/30/2016,Custom Architectural Woodwork & Millwork,Rusk,Northwest
Gannett Publishing Services,Waupaca,52,10/3/2016,CL,12/03/2016,Commercial Gravure Printing,Waupaca,Fox Valley
UTi,Sturtevant,200,9/20/2016,CL,01/15/2017,General Warehousing & Storage,Racine,Southeast
"Brillion Iron Works, Inc.",Brillion,340,9/19/2016,CL,11/11/2016,Iron Foundries,Calumet,Fox Valley
Graebel Moving Services,Wausau,50,9/14/2016,WR,11/14/2016,Managing Offices,Marathon,North Central
Spirit Manufacturing Inc.,New Berlin,60,9/1/2016,CL,11/18/2016,Machine Shops,Waukesha,WOW
Manitowoc Cranes,Manitowoc,528,8/10/2016,CL,10/01/2016,Construction Machinery Mfg,Manitowoc,Bay Area
Manitowoc Cranes - Revision 1,Manitowoc,528,10/14/2016,LS,01/06/2017,Construction Machinery Mfg,Manitowoc,Bay Area
Sentry,Waukesha,37,8/3/2016,CL,10/03/2016,Supermarkets & Other Grocery Stores,Waukesha,WOW
Caterpillar Inc.,Prentice,152,8/2/2016,CL,09/30/2016,All Other Ind Machinery Mfg,Price,Northwest
Southern Wisconsin Foods,Reedsburg,22,7/13/2016,CL,09/01/2016,Limited-service restaurants,Sauk,South Central
"Piggly Wiggly Midwest, LLC.",Sheboygan,83,7/13/2016,CL,09/01/2016,Supermarkets & Other Grocery Stores,Sheboygan,Bay Area
"Cascade Purchase Holdings, Inc. (d/b/a New Hampshire Industries, Inc.)",Horicon,39,7/1/2016,CL,09/28/2016,Hardware Mfg,Dodge,South Central
HUSCO International,Waukesha,97,7/1/2016,WR,09/16/2016,Managing Offices,Waukesha,WOW
Sports Authority,Greenfield,46,6/27/2016,CL,08/19/2016,Sporting Goods Stores,Milwaukee,Milwaukee
Sports Authority - Revision 1,Greenfield,46,7/15/2016,LS,07/18/2016,Sporting Goods Stores,Milwaukee,Milwaukee
CompuCom,Waukesha,16,6/27/2016,CL,08/31/2016,Computer & Software Merch Whls,Waukesha,WOW
Southern Wisconsin Foods dba Burger King,Milton,20,6/20/2016,CL,07/31/2016,Limited-service restaurants,Rock,Southwest
Global Industrial Services Inc.,Milwaukee,27,6/20/2016,CL,08/15/2016,Ind Machinery Merch Whls,Milwaukee,Milwaukee
Air Wisconsin Airlines,Milwaukee,53,6/6/2016,CL,08/18/2016,Scheduled Passenger Air Trans,Milwaukee,Milwaukee
Ameridrives International,Green Bay,37,6/6/2016,CL,08/02/2016,Mechanical Power Transmission Equip Manufacturing,Brown,Bay Area
"Foster Needle Co., Inc.",Manitowoc,64,6/1/2016,CL,07/31/2016,Fastener Button Needle & Pin Mfg,Manitowoc,Bay Area
"Experience Works, Inc.",West Bend,5,5/31/2016,CL,07/01/2016,Vocational Rehabilitation Services,Washington,WOW
Anchor Bank FSB - Main Street,Madison,46,5/19/2016,WR,09/30/2016,Savings Institutions,Dane,South Central
Anchor Bank FSB - East Towne Blvd.,Madison,46,5/19/2016,WR,09/30/2016,Savings Institutions,Dane,South Central
Anchor Bank FSB - City View Dr.,Madison,46,5/19/2016,WR,09/30/2016,Savings Institutions,Dane,South Central
Anchor Bank FSB - Holiday Drive,Janesville,1,5/19/2016,WR,09/30/2016,Savings Institutions,Rock,Southwest
Anchor Bank FSB - Division Street,Stevens Point,1,5/19/2016,WR,09/30/2016,Savings Institutions,Portage,North Central
"Graphic Packaging International, Inc.",Menasha,230,5/18/2016,CL,07/16/2016,Coated & Laminated Packaging Paper Mfg,Winnebago,Fox Valley
Sodexo,Waukesha,78,5/18/2016,CL,06/15/2016,Food Service Contractors,Waukesha,WOW
Sears Holding Company,Wausau,33,5/16/2016,CL,08/07/2016,Department Stores exc Discount,Marathon,North Central
Sears Holding Company,Wausau,3,5/16/2016,CL,08/07/2016,Automotive Parts & Accessories Stores,Marathon,North Central
Monsanto Company,Middleton,30,5/12/2016,CL,07/12/2016,Other Chemicals Merch Whls,Dane,South Central
"Tyson Foods, Inc.",Jefferson,248,5/9/2016,CL,07/09/2016,Meat Processed from Carcasses,Jefferson,South Central
"Joy Global, Inc.",Milwaukee,130,5/11/2016,"CL, AW",11/30/2015,Overhead Cranes Hoists and Monorail Systems,Milwaukee,Milwaukee
Kraft Heinz Foods Company,Madison,561,4/25/2016,WR,06/30/2016,Meat Processed from Carcasses,Dane,South Central
"United Solutions, Inc.",Pleasant Prairie,161,4/19/2016,CL,06/24/2016,Packaging & Labeling Services,Kenosha,Southeast
Fairmont Santrol,Hagar City,3,4/14/2016,WR,04/14/2016,Ind Sand Mining,Pierce,West Central
Fairmont Santrol,Maiden Rock,39,4/14/2016,WR,04/14/2016,Ind Sand Mining,Pierce,West Central
Fairmont Santrol,Menomonie,13,4/14/2016,WR,04/14/2016,Ind Sand Mining,Dunn,West Central
"Kohl's Department Stores, Inc.",Brown Deer,83,4/8/2016,CL,06/19/2016,Office Admin Services,Milwaukee,Milwaukee
Rock-Walworth Comprehensive Family Services Inc.-Janesville Community Kids,Janesville,10,3/24/2016,WR,05/25/2016,Child Day Care Services,Rock,Southwest
Rock-Walworth Comprehensive Family Services Inc.-Walworth Co. RWCFS,Delavan,10,3/24/2016,WR,05/25/2016,Child Day Care Services,Walworth,Southeast
Rock-Walworth Comprehensive Family Services Inc.-Janesville Head Start,Janesville,10,3/24/2016,WR,05/25/2016,Child Day Care Services,Rock,Southwest
Rock-Walworth Comprehensive Family Services Inc.-Lake Geneva,Lake Geneva,10,3/24/2016,WR,05/25/2016,Child Day Care Services,Walworth,Southeast
Rock-Walworth Comprehensive Family Services Inc.-Delavan,Delavan,10,3/24/2016,WR,05/25/2016,Child Day Care Services,Walworth,Southeast
Rock-Walworth Comprehensive Family Services Inc.-Beloit,Beloit,10,3/24/2016,WR,05/25/2016,Child Day Care Services,Rock,Southwest
Rock-Walworth Comprehensive Family Services Inc.-Sharon,Sharon,10,3/24/2016,WR,05/25/2016,Child Day Care Services,Walworth,Southeast
Rock-Walworth Comprehensive Family Services Inc.-Whitewater,Whitewater,10,3/24/2016,WR,05/25/2016,Child Day Care Services,Walworth,Southeast
Rock-Walworth Comprehensive Family Services Inc.-Beloit Hackett Head Start,Beloit,10,3/24/2016,WR,05/25/2016,Child Day Care Services,Rock,Southwest
Superior Silica Sands,New Auburn,9,3/24/2016,WR,03/21/2016,Construction Sand & Gravel Mining,Barron,West Central
Superior Silica Sands,Prairie Farm,10,3/24/2016,WR,03/21/2016,Construction Sand & Gravel Mining,Barron,West Central
Superior Silica Sands,Chetek,10,3/24/2016,WR,03/21/2016,Construction Sand & Gravel Mining,Barron,West Central
Superior Silica Sands,Barron,10,3/24/2016,WR,03/21/2016,Construction Sand & Gravel Mining,Barron,West Central
Superior Silica Sands-Arland Facility,Clayton,10,3/24/2016,WR,03/21/2016,Construction Sand & Gravel Mining,Polk,West Central
Superior Silica Sands-CRM Facility,Clayton,10,3/24/2016,WR,03/21/2016,Construction Sand & Gravel Mining,Polk,West Central
Superior Silica Sands-FLS Facility,Clayton,10,3/24/2016,WR,03/21/2016,Construction Sand & Gravel Mining,Polk,West Central
Unimin Corporation,Tunnel City,65,3/24/2016,CL,03/21/2016,Ind Sand Mining,Monroe,Western
Unimin Corporation - Revision 1,Tunnel City,0,7/7/2016,RN,03/21/2016,Ind Sand Mining,Monroe,Western
Rock-Walworth Comprehensive Family Services Inc.-Merrill Head Start,Janesville,10,3/24/2016,WR,05/25/2016,Child Day Care Services,Rock,Southwest
"Maslow Media Group, Inc.",Milwaukee,1,3/21/2016,CL,04/20/2016,Teleproduction & Postproduction Services,Milwaukee,Milwaukee
"Five Star Quality Care, Inc.",Pewaukee,144,3/8/2016,CL,05/17/2016,Assisted Living Facilities for the Elderly,Waukesha,WOW
"OEM Fabricators, Inc.",Baldwin,34,3/3/2016,CL,04/30/2016,Other Industrial Machinery Mfg,St. Croix,West Central
W.D. Hoard & Sons Co.,Fort Atkinson,3,3/31/2016,LS,04/15/2016,Commercial Gravure Printing,Jefferson,South Central
Mexican Accent LLC,New Berlin,155,2/19/2016,CL,04/22/2016,Other Snack Food Mfg,Waukesha,WOW
"Publications International, Ltd.",Yorkville,50,2/2/2016,CL,04/01/2016,Book & Periodical Merch Whls,Racine,South East
Eaton Corporation,Watertown,91,2/24/2016,AW,06/30/2015,Relay & Ind Control Mfg,Jefferson,South Central
Manitowoc Cranes,Port Washington,80,2/22/2016,RN,06/02/2016,Misc Fabricated Metal Product Mfg,Ozaukee,WOW
BuySeasons,New Berlin,128,1/29/2016,CL,04/01/2016,Other Cut and Sew Apparel Manufacturing,Waukesha,WOW
JP Morgan Chase & Co,Milwaukee,135,1/26/2016,WR,03/26/2016,Commercial Banking,Milwaukee,Milwaukee
Walmart #3030,Wauwatosa,78,1/19/2016,CL,04/15/2016,Supermarkets & Other Grocery Stores,Milwaukee,Milwaukee
Walmart #3031,Menomonee Falls,76,1/19/2016,CL,04/15/2016,Supermarkets & Other Grocery Stores,Waukesha,WOW
Walmart #3496,Milwaukee,272,1/19/2016,CL,04/15/2016,Supermarkets & Other Grocery Stores,Milwaukee,Milwaukee
Walmart #5698,Waukesha,61,1/19/2016,CL,04/15/2016,Supermarkets & Other Grocery Stores,Waukesha,WOW
Sealed Air Corporation,Mount Pleasant,45,1/15/2016,CL,03/31/2016,Ind Paper Merch Whls,Racine,Southeast
Sealed Air Corporation - Revision 1,Mount Pleasant,45,5/5/2016,LS,03/25/2016,Ind Paper Merch Whls,Racine,Southeast
Grainger - Imperial Supplies,Green Bay,50,1/11/2016,WR,03/18/2016,Hardware Merch Whls,Brown,Bay Area
"Oscar Meyer Div, Kraft Heinz Food Company",Madison,141,1/6/2016,CL,02/26/2016,Meat Processed from Carcasses,Dane,South Central
W.D. Hoard & Sons Co.,Fort Atkinson,3,1/29/2016,LS,03/18/2016,Commercial Gravure Printing,Jefferson,South Central
"ConAgra Foods, Inc.",Ripon,285,1/25/2016,LS,04/01/2016,Cookie & Cracker Mfg,Winnebago,Fox Valley
Sealed Air Corporation,Sturtevant,29,1/15/2016,LS,03/15/2016,Ind Paper Merch Whls,Racine,Southeast
